name,rating,time,age,complexity,abstract,childrens,customizable,family,party,strategy,thematic,wargames
Freedom: The Underground Railroad,7.6,60.0,13.0,2.91,0,0,0,0,0,1,0,0
Sentinels of the Multiverse,7.2,30.0,8.0,2.50,0,0,0,0,0,0,1,0
Aeon's End: The New Age,8.7,60.0,14.0,2.91,0,0,0,0,0,1,0,0
Small World Underground,7.3,30.0,8.0,2.59,0,0,0,0,0,1,0,0
Citadels,7.1,20.0,10.0,2.05,0,0,0,1,0,0,0,0
Shadows over Camelot,7.1,60.0,10.0,2.57,0,0,0,0,0,0,1,0
The Grizzled,7.2,30.0,14.0,1.94,0,0,0,0,0,0,1,0
Roads & Boats,7.7,240.0,14.0,4.18,0,0,0,0,0,1,0,0
Euphoria: Build a Better Dystopia,7.3,60.0,13.0,3.11,0,0,0,0,0,1,0,0
Lords of Vegas,7.3,60.0,12.0,2.36,0,0,0,0,0,1,0,0
Friday,7.1,25.0,13.0,2.14,0,0,0,0,0,1,0,0
One Night Ultimate Werewolf,7.1,10.0,8.0,1.39,0,0,0,0,1,0,0,0
Imhotep,7.2,40.0,10.0,2.01,0,0,0,1,0,0,0,0
Egizia,7.4,90.0,12.0,2.83,0,0,0,0,0,1,0,0
Dwellings of Eldervale,8.5,60.0,14.0,3.19,0,0,0,0,0,1,0,0
Junk Art,7.4,30.0,8.0,1.22,0,0,0,1,0,0,0,0
Time's Up! Title Recall!,7.7,60.0,12.0,1.19,0,0,0,0,1,0,0,0
Betrayal Legacy,7.8,45.0,12.0,2.82,0,0,0,0,0,0,1,0
Obsession,8.3,30.0,14.0,3.18,0,0,0,0,0,1,0,0
The Fox in the Forest,7.2,30.0,10.0,1.59,0,0,0,1,0,0,0,0
Stuffed Fables,7.6,60.0,7.0,2.40,0,0,0,0,0,0,1,0
Tekhenu: Obelisk of the Sun,8.0,60.0,14.0,4.01,0,0,0,0,0,1,0,0
Airlines Europe,7.3,75.0,10.0,2.44,0,0,0,1,0,0,0,0
Fantasy Realms,7.5,20.0,14.0,1.73,0,0,0,1,0,0,0,0
Libertalia,7.2,40.0,14.0,2.24,0,0,0,0,0,1,0,0
Pipeline,7.7,60.0,12.0,3.86,0,0,0,0,0,1,0,0
Thurn and Taxis,7.1,60.0,10.0,2.26,0,0,0,1,0,0,0,0
Vinhos,7.5,60.0,12.0,4.21,0,0,0,0,0,1,0,0
Elysium,7.2,60.0,14.0,2.76,0,0,0,0,0,1,0,0
Ingenious,7.1,45.0,10.0,1.92,1,0,0,0,0,0,0,0
TZAAR,7.7,30.0,13.0,2.54,1,0,0,0,0,0,0,0
"Unmatched: Battle of Legends, Volume One",8.0,20.0,9.0,1.87,0,0,0,0,0,1,0,0
Chess,7.1,60.0,6.0,3.70,1,0,0,0,0,0,0,0
The Colonists,7.6,30.0,12.0,4.09,0,0,0,0,0,1,0,0
Exit: The Game – Dead Man on the Orient Express,7.7,45.0,12.0,2.74,0,0,0,1,0,0,0,0
Queendomino,7.3,25.0,8.0,2.09,0,0,0,1,0,0,0,0
Vikings,7.2,60.0,10.0,2.54,0,0,0,0,0,1,0,0
Photosynthesis,7.1,30.0,10.0,2.29,1,0,0,0,0,0,0,0
KeyForge: Call of the Archons,7.3,15.0,14.0,2.45,0,0,1,0,0,0,0,0
Tales of the Arabian Nights,7.2,120.0,12.0,2.16,0,0,0,0,0,0,1,0
Potion Explosion,7.2,30.0,8.0,1.75,0,0,0,1,0,0,0,0
Praga Caput Regni,8.3,30.0,12.0,3.68,0,0,0,0,0,1,0,0
Argent: The Consortium,7.7,60.0,10.0,3.80,0,0,0,0,0,1,0,0
Escape Plan,7.6,60.0,12.0,3.67,0,0,0,0,0,1,0,0
RoboRally,7.1,45.0,12.0,2.43,0,0,0,0,0,1,0,0
Pathfinder Adventure Card Game: Rise of the Runelords – Base Set,7.2,90.0,13.0,2.71,0,0,0,0,0,0,1,0
Sushi Go!,7.1,15.0,8.0,1.17,0,0,0,1,0,0,0,0
Last Will,7.2,45.0,14.0,2.71,0,0,0,0,0,1,0,0
Taj Mahal,7.3,75.0,12.0,2.99,0,0,0,0,0,1,0,0
Black Orchestra,7.5,90.0,14.0,2.41,0,0,0,0,0,0,1,0
Runebound (Third Edition),7.5,120.0,14.0,2.66,0,0,0,0,0,0,1,0
Forgotten Waters,8.2,120.0,14.0,2.09,0,0,0,0,0,0,1,0
No Thanks!,7.1,20.0,8.0,1.14,0,0,0,1,0,0,0,0
Bohnanza,7.0,45.0,13.0,1.67,0,0,0,1,0,0,0,0
StarCraft: The Board Game,7.3,180.0,12.0,3.84,0,0,0,0,0,1,0,0
Star Wars: X-Wing Miniatures Game – The Force Awakens Core Set,7.8,30.0,14.0,2.83,0,0,1,0,0,0,0,0
Hammer of the Scots,7.6,120.0,12.0,2.98,0,0,0,0,0,0,0,1
Citadels,7.3,30.0,10.0,2.01,0,0,0,1,0,0,0,0
Colosseum,7.2,60.0,10.0,2.75,0,0,0,1,0,0,0,0
Chicago Express,7.2,60.0,12.0,2.78,0,0,0,0,0,1,0,0
Port Royal,7.1,20.0,8.0,1.63,0,0,0,1,0,0,0,0
1846: The Race for the Midwest,7.9,240.0,14.0,4.00,0,0,0,0,0,1,0,0
Karuba,7.2,30.0,8.0,1.46,0,0,0,1,0,0,0,0
Nexus Ops,7.2,90.0,12.0,2.23,0,0,0,0,0,0,1,0
Paperback,7.2,45.0,8.0,1.99,0,0,0,1,0,0,0,0
Conan,7.7,90.0,14.0,2.76,0,0,0,0,0,0,1,0
Discworld: Ankh-Morpork,7.2,60.0,11.0,2.21,0,0,0,0,0,0,1,0
Evolution,7.1,60.0,12.0,2.43,0,0,0,0,0,1,0,0
Automobile,7.3,120.0,12.0,3.52,0,0,0,0,0,1,0,0
Alhambra,7.0,45.0,8.0,2.10,0,0,0,1,0,0,0,0
Pax Porfiriana,7.7,120.0,12.0,3.57,0,0,0,0,0,1,0,0
A Game of Thrones,7.2,180.0,12.0,3.45,0,0,0,0,0,1,0,0
AquaSphere,7.3,100.0,12.0,3.68,0,0,0,0,0,1,0,0
Blood Bowl (2016 Edition),8.1,45.0,12.0,3.52,0,0,0,0,0,0,1,0
Baseball Highlights: 2045,7.5,45.0,9.0,2.21,0,0,0,0,0,1,0,0
Sprawlopolis,7.5,15.0,8.0,1.83,0,0,0,1,0,0,0,0
Francis Drake,7.4,90.0,14.0,2.93,0,0,0,0,0,1,0,0
Wavelength,7.5,30.0,14.0,1.09,0,0,0,0,1,0,0,0
DVONN,7.4,30.0,9.0,2.67,1,0,0,0,0,0,0,0
Star Wars: Destiny,7.5,30.0,10.0,2.28,0,0,1,0,0,0,0,0
Blackout: Hong Kong,7.5,75.0,14.0,3.47,0,0,0,0,0,1,0,0
Carson City,7.2,90.0,12.0,3.18,0,0,0,0,0,1,0,0
Camel Up,7.0,20.0,8.0,1.48,0,0,0,1,0,0,0,0
Railroad Ink: Deep Blue Edition,7.3,20.0,8.0,1.51,0,0,0,1,0,0,0,0
A Game of Thrones: The Card Game (Second Edition),7.6,60.0,14.0,3.53,0,0,1,0,0,0,0,0
Love Letter Premium,7.5,20.0,8.0,1.31,0,0,0,1,0,0,0,0
Earth Reborn,7.7,180.0,13.0,3.89,0,0,0,0,0,0,1,0
Zombicide,7.2,60.0,14.0,2.54,0,0,0,0,0,0,1,0
Gears of War: The Board Game,7.5,60.0,14.0,2.89,0,0,0,0,0,0,1,0
Broom Service,7.2,30.0,10.0,2.40,0,0,0,1,0,0,0,0
Struggle of Empires,7.5,180.0,13.0,3.60,0,0,0,0,0,1,0,0
Hadara,7.5,45.0,10.0,2.19,0,0,0,0,0,1,0,0
Space Empires: 4X,7.7,180.0,12.0,3.35,0,0,0,0,0,0,0,1
Tobago,7.1,60.0,10.0,2.13,0,0,0,1,0,0,0,0
Snowdonia,7.4,30.0,10.0,3.00,0,0,0,0,0,1,0,0
Quantum,7.3,60.0,13.0,2.45,0,0,0,0,0,1,0,0
Carcassonne: Hunters and Gatherers,7.1,35.0,8.0,1.92,0,0,0,1,0,0,0,0
Jamaica,7.1,30.0,8.0,1.65,0,0,0,1,0,0,0,0
The Republic of Rome,7.5,300.0,14.0,4.34,0,0,0,0,0,1,0,0
Through the Desert,7.1,45.0,10.0,2.21,1,0,0,0,0,0,0,0
Mare Nostrum: Empires,7.6,90.0,14.0,3.03,0,0,0,0,0,1,0,0
Kanban EV,8.8,60.0,14.0,4.30,0,0,0,0,0,1,0,0
Magic Maze,7.1,15.0,8.0,1.75,0,0,0,1,0,0,0,0
Thebes,7.1,60.0,8.0,2.16,0,0,0,1,0,0,0,0
Sidereal Confluence: Remastered Edition,7.8,120.0,14.0,3.62,0,0,0,0,0,1,0,0
Coup,7.0,15.0,13.0,1.41,0,0,0,0,1,0,0,0
Las Vegas,7.1,30.0,8.0,1.19,0,0,0,1,0,0,0,0
One Night Ultimate Werewolf Daybreak,7.4,10.0,8.0,1.43,0,0,0,0,1,0,0,0
Triumph & Tragedy: European Balance of Power 1936-1945,8.2,240.0,12.0,3.32,0,0,0,0,0,0,0,1
Trains,7.2,45.0,12.0,2.39,0,0,0,0,0,1,0,0
Valeria: Card Kingdoms,7.4,30.0,13.0,2.00,0,0,0,1,0,0,0,0
Summoner Wars,7.3,30.0,9.0,2.31,0,0,1,0,0,0,0,0
Taluva,7.2,45.0,8.0,2.27,1,0,0,0,0,0,0,0
Oceans,7.7,60.0,12.0,2.83,0,0,0,0,0,1,0,0
Shadows of Brimstone: Swamps of Death,8.0,90.0,12.0,3.38,0,0,0,0,0,0,1,0
Thunderstone Advance: Towers of Ruin,7.4,45.0,12.0,2.74,0,0,0,0,0,1,0,0
Dixit: Journey,7.4,30.0,8.0,1.26,0,0,0,0,1,0,0,0
Shakespeare,7.4,20.0,13.0,2.99,0,0,0,0,0,1,0,0
Belfort,7.2,120.0,12.0,3.04,0,0,0,0,0,1,0,0
Dice Throne: Season One,7.6,20.0,8.0,2.05,0,0,0,1,0,0,0,0
Pax Renaissance,8.0,60.0,12.0,4.39,0,0,0,0,0,1,0,0
The Battle of Five Armies,7.9,90.0,13.0,3.57,0,0,0,0,0,0,1,0
Betrayal at House on the Hill,7.1,60.0,12.0,2.38,0,0,0,0,0,0,1,0
Formula D,7.0,60.0,8.0,1.98,0,0,0,1,0,0,0,0
Time's Up!,7.3,90.0,12.0,1.21,0,0,0,0,1,0,0,0
Zombicide: Green Horde,7.8,60.0,14.0,2.52,0,0,0,0,0,0,1,0
Smash Up: Awesome Level 9000,7.2,45.0,12.0,2.13,0,0,0,1,0,0,0,0
Luna,7.3,60.0,12.0,3.33,0,0,0,0,0,1,0,0
Cuba Libre,7.7,180.0,14.0,3.54,0,0,0,0,0,0,0,1
Defenders of the Realm,7.3,90.0,13.0,2.72,0,0,0,0,0,0,1,0
Mr. Jack,7.0,30.0,9.0,2.18,0,0,0,0,0,1,0,0
ZhanGuo,7.6,60.0,12.0,3.83,0,0,0,0,0,1,0,0
Skull King,7.4,30.0,8.0,1.75,0,0,0,1,0,0,0,0
Myrmes,7.3,60.0,13.0,3.45,0,0,0,0,0,1,0,0
Cuba,7.1,75.0,10.0,3.26,0,0,0,0,0,1,0,0
Lord of the Rings: The Confrontation,7.2,30.0,12.0,2.19,0,0,0,0,0,1,0,0
Torres,7.1,60.0,12.0,2.87,1,0,0,0,0,0,0,0
Star Trek: Ascendancy,7.8,180.0,14.0,3.15,0,0,0,0,0,0,1,0
The King's Dilemma,8.1,45.0,14.0,2.27,0,0,0,0,0,0,1,0
Warhammer Quest: The Adventure Card Game,7.4,30.0,14.0,2.71,0,0,0,0,0,0,1,0
Medici,7.1,60.0,10.0,2.26,0,0,0,0,0,1,0,0
Wallenstein,7.5,150.0,12.0,3.31,0,0,0,0,0,1,0,0
Specter Ops,7.2,60.0,13.0,2.39,0,0,0,0,0,1,0,0
Leaving Earth,7.8,60.0,15.0,3.73,0,0,0,0,0,1,0,0
Fury of Dracula (Second Edition),7.1,180.0,10.0,2.95,0,0,0,0,0,0,1,0
Star Wars: X-Wing (Second Edition),8.3,30.0,14.0,3.05,0,0,1,0,0,0,0,0
Exit: The Game – The Pharaoh's Tomb,7.2,45.0,12.0,2.81,0,0,0,1,0,0,0,0
The Downfall of Pompeii,7.1,45.0,10.0,1.85,0,0,0,1,0,0,0,0
Coloretto,7.0,30.0,8.0,1.28,0,0,0,1,0,0,0,0
Mandala,7.7,20.0,10.0,1.80,1,0,0,0,0,0,0,0
Escape: The Curse of the Temple,7.0,10.0,8.0,1.48,0,0,0,1,0,0,0,0
Kingdom Builder,7.0,45.0,8.0,2.07,0,0,0,1,0,0,0,0
My City,7.9,30.0,10.0,2.09,0,0,0,0,0,1,0,0
Tokaido,7.0,45.0,8.0,1.75,0,0,0,1,0,0,0,0
Steampunk Rally,7.2,45.0,14.0,2.58,0,0,0,1,0,0,0,0
Elder Sign,7.0,90.0,13.0,2.35,0,0,0,0,0,0,1,0
Cacao,7.1,45.0,8.0,1.82,0,0,0,1,0,0,0,0
Vegas Showdown,7.2,75.0,12.0,2.36,0,0,0,0,0,1,0,0
Dawn of the Zeds (Third Edition),8.2,90.0,14.0,3.76,0,0,0,0,0,0,1,0
Yamataï,7.2,40.0,13.0,2.95,0,0,0,0,0,1,0,0
High Society,7.1,15.0,10.0,1.50,0,0,0,1,0,0,0,0
Up Front,7.9,60.0,12.0,3.41,0,0,0,0,0,0,0,1
Arkwright,7.9,120.0,12.0,4.57,0,0,0,0,0,1,0,0
Eminent Domain,7.0,45.0,10.0,2.51,0,0,0,0,0,1,0,0
Advanced Squad Leader: Starter Kit #1,7.8,120.0,13.0,3.75,0,0,0,0,0,0,0,1
Bonfire,8.0,70.0,12.0,3.65,0,0,0,0,0,1,0,0
The Networks,7.2,60.0,13.0,2.58,0,0,0,0,0,1,0,0
Tash-Kalar: Arena of Legends,7.2,30.0,13.0,2.85,1,0,0,0,0,0,0,0
The Duke,7.4,30.0,13.0,2.50,1,0,0,0,0,0,0,0
Love Letter: Batman,7.3,20.0,10.0,1.20,0,0,0,1,0,0,0,0
BANG! The Dice Game,6.9,15.0,8.0,1.28,0,0,0,0,1,0,0,0
HeroQuest,7.1,90.0,14.0,2.16,0,0,0,0,0,0,1,0
Silver & Gold,7.3,20.0,8.0,1.16,0,0,0,1,0,0,0,0
The Oracle of Delphi,7.3,70.0,12.0,3.00,0,0,0,0,0,1,0,0
Arcadia Quest: Inferno,8.0,60.0,13.0,2.41,0,0,0,0,0,0,1,0
K2,7.1,30.0,8.0,2.26,0,0,0,1,0,0,0,0
Between Two Castles of Mad King Ludwig,7.3,45.0,10.0,2.17,0,0,0,1,0,0,0,0
Dragon Castle,7.2,30.0,8.0,1.97,1,0,0,0,0,0,0,0
Space Hulk,7.5,45.0,12.0,2.51,0,0,0,0,0,0,1,0
Cry Havoc,7.2,60.0,10.0,3.28,0,0,0,0,0,1,0,0
Century: Eastern Wonders,7.2,30.0,8.0,2.09,0,0,0,1,0,0,0,0
Onirim (Second Edition),7.1,15.0,10.0,1.57,0,0,0,1,0,0,0,0
Shipyard,7.4,120.0,11.0,3.50,0,0,0,0,0,1,0,0
Empires: Age of Discovery,7.9,50.0,10.0,3.35,0,0,0,0,0,1,0,0
Yspahan,7.1,45.0,8.0,2.36,0,0,0,0,0,1,0,0
Smartphone Inc.,7.8,60.0,12.0,2.78,0,0,0,0,0,1,0,0
Middle-Earth Quest,7.4,180.0,13.0,3.55,0,0,0,0,0,0,1,0
Crusaders: Thy Will Be Done,7.6,40.0,14.0,2.43,0,0,0,0,0,1,0,0
Zombicide Season 2: Prison Outbreak,7.4,60.0,13.0,2.68,0,0,0,0,0,0,1,0
Mexica,7.2,90.0,10.0,2.70,0,0,0,0,0,1,0,0
Coal Baron,7.3,60.0,10.0,2.55,0,0,0,0,0,1,0,0
Ashes Reborn: Rise of the Phoenixborn,7.3,30.0,14.0,2.93,0,0,1,0,0,0,0,0
Between Two Cities,7.0,25.0,8.0,1.82,0,0,0,1,0,0,0,0
Telestrations: 12 Player Party Pack,7.8,30.0,12.0,1.08,0,0,0,0,1,0,0,0
6 nimmt!,6.9,45.0,8.0,1.21,0,0,0,1,0,0,0,0
D-Day at Omaha Beach,8.3,480.0,12.0,3.45,0,0,0,0,0,0,0,1
Wir sind das Volk!,7.8,60.0,12.0,3.68,0,0,0,0,0,1,0,0
World Without End,7.3,90.0,12.0,2.81,0,0,0,0,0,1,0,0
Carcassonne: The Castle,7.1,30.0,8.0,1.99,0,0,0,1,0,0,0,0
Star Trek: Fleet Captains,7.5,90.0,14.0,3.05,0,0,0,0,0,1,0,0
Summoner Wars: Alliances Master Set,8.1,45.0,9.0,2.72,0,0,1,0,0,0,0,0
Ascension: Deckbuilding Game,7.0,30.0,13.0,2.15,0,0,0,0,0,1,0,0
Feudum,7.7,80.0,12.0,4.58,0,0,0,0,0,1,0,0
My Little Scythe,7.4,45.0,8.0,2.00,0,0,0,1,0,0,0,0
Churchill,7.7,60.0,14.0,3.26,0,0,0,0,0,1,0,0
Reef,7.1,30.0,8.0,1.84,1,0,0,0,0,0,0,0
1989: Dawn of Freedom,7.8,150.0,12.0,3.30,0,0,0,0,0,1,0,0
Saint Petersburg (Second Edition),7.5,60.0,13.0,2.68,0,0,0,0,0,1,0,0
Prêt-à-Porter,7.4,90.0,10.0,3.61,0,0,0,0,0,1,0,0
Diplomacy,7.0,360.0,12.0,3.36,0,0,0,0,0,1,0,0
Ex Libris,7.2,45.0,10.0,2.56,0,0,0,1,0,0,0,0
Caverna: Cave vs Cave,7.2,20.0,10.0,2.59,0,0,0,0,0,1,0,0
Space Hulk: Death Angel – The Card Game,7.0,30.0,13.0,2.42,0,0,0,0,0,0,1,0
Among the Stars,7.1,30.0,12.0,2.23,0,0,0,0,0,1,0,0
Cribbage,7.1,30.0,10.0,1.90,1,0,0,0,0,0,0,0
Warhammer: Invasion,7.2,45.0,13.0,2.73,0,0,1,0,0,0,0,0
Zombie Kidz Evolution,7.9,5.0,7.0,1.41,0,1,0,0,0,0,0,0
King of New York,7.0,40.0,10.0,1.87,0,0,0,1,0,0,0,0
Super Motherload,7.4,60.0,13.0,2.30,0,0,0,0,0,1,0,0
Deep Sea Adventure,7.0,30.0,8.0,1.18,0,0,0,1,0,0,0,0
Villagers,7.3,30.0,10.0,2.21,0,0,0,1,0,0,0,0
Vast: The Crystal Caverns,7.2,75.0,10.0,3.59,0,0,0,0,0,1,0,0
Kanagawa,7.1,45.0,10.0,2.03,0,0,0,1,0,0,0,0
Wits & Wagers,6.9,25.0,10.0,1.21,0,0,0,0,1,0,0,0
Panamax,7.3,100.0,12.0,3.75,0,0,0,0,0,1,0,0
City of the Big Shoulders,7.9,120.0,14.0,4.05,0,0,0,0,0,1,0,0
Conflict of Heroes: Awakening the Bear! – Russia 1941-42,7.5,120.0,10.0,3.00,0,0,0,0,0,0,0,1
Draftosaurus,7.2,15.0,8.0,1.23,0,0,0,1,0,0,0,0
Vasco da Gama,7.2,60.0,12.0,3.23,0,0,0,0,0,1,0,0
The Mind,6.9,15.0,8.0,1.08,0,0,0,1,0,0,0,0
Oh My Goods!,7.0,30.0,10.0,2.31,0,0,0,0,0,1,0,0
Exit: The Game – The Secret Lab,7.1,45.0,12.0,2.59,0,0,0,1,0,0,0,0
Cooper Island,7.7,60.0,12.0,4.17,0,0,0,0,0,1,0,0
Dungeons & Dragons: The Legend of Drizzt Board Game,7.3,60.0,12.0,2.59,0,0,0,0,0,0,1,0
Century: A New World,7.5,30.0,8.0,2.13,0,0,0,1,0,0,0,0
Disney Villainous,7.1,50.0,10.0,2.40,0,0,0,1,0,0,0,0
Tribune: Primus Inter Pares,7.2,60.0,12.0,2.87,0,0,0,0,0,1,0,0
Napoleon's Triumph,8.0,180.0,12.0,3.65,0,0,0,0,0,0,0,1
Blue Moon City,7.0,30.0,14.0,2.30,0,0,0,1,0,0,0,0
13 Days: The Cuban Missile Crisis,7.3,30.0,10.0,2.35,0,0,0,0,0,1,0,0
Unlock!: Heroic Adventures,7.8,60.0,10.0,2.23,0,0,0,0,0,0,1,0
XCOM: The Board Game,7.1,60.0,14.0,2.90,0,0,0,0,0,0,1,0
Civilization: A New Dawn,7.3,60.0,14.0,3.07,0,0,0,0,0,1,0,0
Marvel Dice Masters: Avengers vs. X-Men,7.2,60.0,14.0,2.30,0,0,1,0,0,0,0,0
Yedo,7.4,120.0,14.0,3.35,0,0,0,0,0,1,0,0
Finca,7.1,45.0,10.0,2.08,0,0,0,1,0,0,0,0
FUSE,7.1,10.0,10.0,1.66,0,0,0,1,0,0,0,0
In the Hall of the Mountain King,7.9,75.0,12.0,2.75,0,0,0,0,0,1,0,0
One Deck Dungeon,7.1,30.0,14.0,2.05,0,0,0,0,0,0,1,0
Blokus,6.9,20.0,7.0,1.77,1,0,0,0,0,0,0,0
Jambo,7.0,45.0,12.0,2.07,0,0,0,0,0,1,0,0
Squad Leader,7.5,60.0,14.0,4.04,0,0,0,0,0,0,0,1
Spyfall,6.9,15.0,13.0,1.24,0,0,0,0,1,0,0,0
Tajemnicze Domostwo,7.2,30.0,8.0,1.86,0,0,0,0,1,0,0,0
Treasure Island,7.3,45.0,10.0,2.27,0,0,0,1,0,0,0,0
Warhammer Underworlds: Shadespire,7.8,30.0,12.0,2.46,0,0,1,0,0,0,0,0
Whitehall Mystery,7.6,45.0,13.0,2.16,0,0,0,0,0,1,0,0
Lords of Xidit,7.1,90.0,14.0,2.62,0,0,0,0,0,1,0,0
A Fake Artist Goes to New York,7.2,20.0,8.0,1.16,0,0,0,0,1,0,0,0
AuZtralia,7.4,30.0,13.0,2.93,0,0,0,0,0,1,0,0
The Pursuit of Happiness,7.2,60.0,12.0,2.48,0,0,0,1,0,0,0,0
Reef Encounter,7.1,60.0,10.0,3.68,0,0,0,0,0,1,0,0
ZÈRTZ,7.3,30.0,9.0,2.74,1,0,0,0,0,0,0,0
Combat Commander: Pacific,8.1,180.0,12.0,3.23,0,0,0,0,0,0,0,1
The Estates,7.5,40.0,10.0,2.34,0,0,0,0,0,1,0,0
Tinners' Trail,7.3,60.0,13.0,2.83,0,0,0,0,0,1,0,0
Scoville,7.2,60.0,13.0,2.78,0,0,0,0,0,1,0,0
Black Angel,7.4,60.0,12.0,3.82,0,0,0,0,0,1,0,0
Red7,6.9,5.0,9.0,1.70,0,0,0,1,0,0,0,0
Star Wars: The Card Game,7.2,30.0,10.0,2.96,0,0,1,0,0,0,0,0
Friedrich,7.6,210.0,12.0,3.15,0,0,0,0,0,0,0,1
Spyrium,7.1,75.0,12.0,2.90,0,0,0,0,0,1,0,0
Outlive,7.4,40.0,14.0,3.01,0,0,0,0,0,1,0,0
Nidavellir,7.9,30.0,10.0,2.19,0,0,0,1,0,0,0,0
Summoner Wars: Phoenix Elves vs Tundra Orcs,7.5,30.0,9.0,2.32,0,0,1,0,0,0,0,0
Nova Luna,7.5,30.0,8.0,1.90,1,0,0,0,0,0,0,0
Union Pacific,7.2,90.0,12.0,2.55,0,0,0,0,0,1,0,0
Brew Crafters,7.4,90.0,12.0,3.58,0,0,0,0,0,1,0,0
Virgin Queen,8.0,420.0,12.0,4.40,0,0,0,0,0,1,0,0
Hyperborea,7.2,50.0,14.0,3.18,0,0,0,0,0,1,0,0
Conflict of Heroes: Awakening the Bear! – Operation Barbarossa 1941 (Second Edition),8.0,60.0,13.0,3.26,0,0,0,0,0,0,0,1
Legendary: A Marvel Deck Building Game – Villains,7.6,45.0,14.0,2.71,0,0,1,0,0,0,0,0
Dogs of War,7.5,75.0,14.0,2.66,0,0,0,0,0,1,0,0
Under Falling Skies,8.0,20.0,12.0,2.48,0,0,0,0,0,1,0,0
Carcassonne: The City,7.2,30.0,8.0,2.26,0,0,0,1,0,0,0,0
Not Alone,7.0,30.0,10.0,1.96,0,0,0,0,0,1,0,0
Ricochet Robots,7.0,30.0,10.0,2.41,1,0,0,0,0,0,0,0
Perudo,6.9,15.0,8.0,1.26,0,0,0,1,0,0,0,0
878 Vikings: Invasions of England,7.6,60.0,12.0,2.64,0,0,0,0,0,0,0,1
Fugitive,7.2,5.0,10.0,1.67,0,0,0,1,0,0,0,0
New Frontiers,7.6,45.0,14.0,2.86,0,0,0,0,0,1,0,0
Summoner Wars: Guild Dwarves vs Cave Goblins,7.6,30.0,9.0,2.24,0,0,1,0,0,0,0,0
Ca$h 'n Guns (Second Edition),6.9,30.0,10.0,1.27,0,0,0,0,1,0,0,0
Thunderstone,6.9,60.0,12.0,2.50,0,0,0,0,0,1,0,0
Hallertau,8.3,50.0,12.0,3.28,0,0,0,0,0,1,0,0
San Marco,7.2,90.0,10.0,2.68,0,0,0,0,0,1,0,0
Celestia,7.0,30.0,8.0,1.33,0,0,0,1,0,0,0,0
Santiago,7.1,75.0,10.0,2.49,0,0,0,0,0,1,0,0
Genoa,7.1,60.0,12.0,3.08,0,0,0,0,0,1,0,0
The Palaces of Carrara,7.2,60.0,10.0,2.62,0,0,0,0,0,1,0,0
CO₂: Second Chance,7.7,60.0,12.0,4.06,0,0,0,0,0,1,0,0
Smash Up: Science Fiction Double Feature,7.3,30.0,12.0,2.30,0,0,0,0,0,1,0,0
Homesteaders,7.2,60.0,14.0,3.04,0,0,0,0,0,1,0,0
Maharaja: The Game of Palace Building in India,7.1,90.0,12.0,3.17,0,0,0,0,0,1,0,0
Bridge,7.5,60.0,12.0,3.86,1,0,0,0,0,0,0,0
Fort,7.4,20.0,10.0,2.42,0,0,0,0,0,1,0,0
Rhino Hero: Super Battle,7.3,10.0,5.0,1.12,0,1,0,0,0,0,0,0
Morels,7.0,30.0,10.0,1.74,0,0,0,1,0,0,0,0
Last Night on Earth: The Zombie Game,6.9,60.0,12.0,2.29,0,0,0,0,0,0,1,0
"Heroes of Land, Air & Sea",7.7,120.0,14.0,3.27,0,0,0,0,0,1,0,0
Container,7.1,60.0,12.0,3.25,0,0,0,0,0,1,0,0
Age of Industry,7.4,120.0,13.0,3.36,0,0,0,0,0,1,0,0
Akrotiri,7.2,45.0,13.0,2.66,0,0,0,0,0,1,0,0
Tragedy Looper,7.2,120.0,13.0,3.51,0,0,0,0,0,1,0,0
The Search for Planet X,8.2,60.0,13.0,2.40,0,0,0,0,0,1,0,0
Signorie,7.4,90.0,12.0,3.55,0,0,0,0,0,1,0,0
Ascension: Storm of Souls,7.3,30.0,13.0,2.34,0,0,0,0,0,1,0,0
Roll Through the Ages: The Bronze Age,6.9,30.0,8.0,1.78,0,0,0,1,0,0,0,0
Shards of Infinity,7.5,30.0,10.0,2.02,0,0,0,0,0,1,0,0
Louis XIV,7.1,75.0,12.0,3.01,0,0,0,0,0,1,0,0
Diamant,6.8,30.0,8.0,1.11,0,0,0,1,0,0,0,0
Heroscape Master Set: Swarm of the Marro,7.6,60.0,8.0,2.25,0,0,1,0,0,0,0,0
Thunder Alley,7.3,90.0,10.0,2.39,0,0,0,0,0,0,1,0
Forbidden Island,6.8,30.0,10.0,1.74,0,0,0,1,0,0,0,0
The Castles of Burgundy: The Card Game,7.0,30.0,12.0,2.54,0,0,0,0,0,1,0,0
Core Worlds,7.2,60.0,10.0,2.89,0,0,0,0,0,1,0,0
Tumblin-Dice,7.2,45.0,13.0,1.05,0,0,0,1,0,0,0,0
Hawaii,7.2,90.0,13.0,2.90,0,0,0,0,0,1,0,0
Gentes,7.5,90.0,12.0,3.17,0,0,0,0,0,1,0,0
Catacombs (Third Edition),7.6,60.0,14.0,2.24,0,0,0,0,0,0,1,0
Pandemic: Rising Tide,7.6,45.0,8.0,2.44,0,0,0,0,0,1,0,0
Rhino Hero,6.9,5.0,5.0,1.03,0,1,0,0,0,0,0,0
Pictomania,7.3,25.0,9.0,1.52,0,0,0,0,1,0,0,0
Dale of Merchants,7.2,30.0,10.0,2.09,0,0,0,1,0,0,0,0
Unfair,7.3,50.0,14.0,2.71,0,0,0,0,0,1,0,0
"Air, Land, & Sea",7.6,15.0,14.0,1.83,0,0,0,0,0,1,0,0
Web of Power,7.3,50.0,12.0,2.45,0,0,0,1,0,0,0,0
Kitchen Rush,7.4,30.0,12.0,2.23,0,0,0,1,0,0,0,0
Cloudspire,8.2,90.0,13.0,4.20,0,0,0,0,0,1,0,0
Adrenaline,7.1,30.0,12.0,2.33,0,0,0,0,0,1,0,0
Can't Stop,6.8,30.0,9.0,1.16,0,0,0,1,0,0,0,0
Dungeons & Dragons: Wrath of Ashardalon Board Game,7.1,60.0,12.0,2.62,0,0,0,0,0,0,1,0
The Others,7.4,90.0,14.0,3.04,0,0,0,0,0,0,1,0
Britannia,7.2,180.0,12.0,3.17,0,0,0,0,0,0,0,1
Legacy: The Testament of Duke de Crecy,7.2,60.0,8.0,2.71,0,0,0,0,0,1,0,0
Wasteland Express Delivery Service,7.4,90.0,13.0,2.91,0,0,0,0,0,1,0,0
The City of Kings,7.7,45.0,14.0,3.18,0,0,0,0,0,1,0,0
Lanterns: The Harvest Festival,6.9,30.0,8.0,1.57,0,0,0,1,0,0,0,0
Tammany Hall,7.3,90.0,12.0,2.78,0,0,0,0,0,1,0,0
Railroad Ink: Blazing Red Edition,7.2,20.0,8.0,1.45,0,0,0,1,0,0,0,0
Tiny Epic Quest,7.1,30.0,14.0,2.68,0,0,0,0,0,1,0,0
Ticket to Ride: Rails & Sails,7.4,60.0,10.0,2.57,0,0,0,1,0,0,0,0
Empire of the Sun,8.2,360.0,12.0,4.28,0,0,0,0,0,0,0,1
Flick 'em Up!,6.9,30.0,7.0,1.33,0,0,0,1,0,0,0,0
Crystal Palace,7.6,90.0,14.0,3.75,0,0,0,0,0,1,0,0
Dream Factory,7.1,60.0,10.0,2.11,0,0,0,1,0,0,0,0
Attika,7.0,45.0,10.0,2.37,0,0,0,0,0,1,0,0
Palm Island,7.2,15.0,10.0,1.75,0,0,0,1,0,0,0,0
Tang Garden,7.6,40.0,14.0,2.59,0,0,0,1,0,0,0,0
5-Minute Dungeon,7.0,5.0,8.0,1.12,0,0,0,1,0,0,0,0
Crown of Emara,7.5,45.0,12.0,3.13,0,0,0,0,0,1,0,0
Trismegistus: The Ultimate Formula,7.7,90.0,14.0,4.05,0,0,0,0,0,1,0,0
Polis: Fight for the Hegemony,7.6,90.0,12.0,3.69,0,0,0,0,0,1,0,0
Concept,6.8,40.0,10.0,1.40,0,0,0,0,1,0,0,0
Wizard,6.9,45.0,10.0,1.73,0,0,0,1,0,0,0,0
Zooloretto,6.8,45.0,8.0,1.86,0,0,0,1,0,0,0,0
Qwixx,6.9,15.0,8.0,1.12,0,0,0,1,0,0,0,0
Ascension: Return of the Fallen,7.3,30.0,13.0,2.18,0,0,0,0,0,1,0,0
Mahjong,7.0,120.0,8.0,2.57,1,0,0,0,0,0,0,0
The Bloody Inn,7.0,30.0,14.0,2.39,0,0,0,0,0,1,0,0
Dungeons & Dragons: Castle Ravenloft Board Game,7.0,60.0,12.0,2.51,0,0,0,0,0,0,1,0
Discoveries: The Journals of Lewis and Clark,7.1,60.0,14.0,2.35,0,0,0,0,0,1,0,0
Snow Tails,7.0,45.0,10.0,2.05,0,0,0,1,0,0,0,0
Marvel Dice Masters: Uncanny X-Men,7.2,60.0,14.0,2.37,0,0,1,0,0,0,0,0
Hannibal & Hamilcar,8.4,40.0,12.0,3.91,0,0,0,0,0,0,0,1
Fabled Fruit,7.0,20.0,8.0,1.58,0,0,0,1,0,0,0,0
Legendary Encounters: A Predator Deck Building Game,7.5,45.0,17.0,2.69,0,0,0,0,0,0,1,0
La Città,7.0,120.0,12.0,3.28,0,0,0,0,0,1,0,0
Disney Villainous: Wicked to the Core,7.7,40.0,10.0,2.33,0,0,0,1,0,0,0,0
The Lost Expedition,7.1,30.0,14.0,1.85,0,0,0,0,0,0,1,0
Antike,7.1,120.0,12.0,3.00,0,0,0,0,0,1,0,0
DC Comics Deck-Building Game,7.0,45.0,15.0,2.00,0,0,0,0,0,0,1,0
Meeple Circus,7.1,45.0,8.0,1.45,0,0,0,1,0,0,0,0
Merchant of Venus (Second Edition),7.2,120.0,14.0,3.02,0,0,0,0,0,1,0,0
Star Wars: The Queen's Gambit,7.5,120.0,12.0,2.49,0,0,0,0,0,0,1,0
Gold West,7.4,45.0,13.0,2.44,0,0,0,0,0,1,0,0
Zombicide Season 3: Rue Morgue,7.5,60.0,14.0,2.48,0,0,0,0,0,0,1,0
Werewords,7.2,10.0,8.0,1.19,0,0,0,0,1,0,0,0
Beyond the Sun,8.2,60.0,14.0,3.03,0,0,0,0,0,1,0,0
Black Rose Wars,8.1,90.0,14.0,3.44,0,0,0,0,0,1,0,0
The Speicherstadt,7.0,45.0,8.0,2.27,0,0,0,1,0,0,0,0
History of the World,7.1,135.0,12.0,2.77,0,0,0,0,0,1,0,0
CO₂,7.1,120.0,12.0,3.87,0,0,0,0,0,1,0,0
Battle for Rokugan,7.5,60.0,14.0,2.75,0,0,0,0,0,1,0,0
Fleet: The Dice Game,7.8,30.0,8.0,2.68,0,0,0,0,0,1,0,0
Smash Up: Pretty Pretty Smash Up,7.3,45.0,14.0,2.15,0,0,0,0,0,1,0,0
The Grimm Forest,7.1,45.0,14.0,1.87,0,0,0,1,0,0,0,0
Parade,7.0,45.0,12.0,1.48,0,0,0,1,0,0,0,0
Automobiles,7.3,45.0,10.0,2.17,0,0,0,1,0,0,0,0
Qwirkle,6.8,45.0,6.0,1.62,1,0,0,0,0,0,0,0
Sub Terra,7.4,60.0,10.0,2.14,0,0,0,0,0,0,1,0
The Shipwreck Arcana,7.5,10.0,12.0,2.12,0,0,0,0,0,1,0,0
Thunderstone: Dragonspire,7.3,45.0,12.0,2.70,0,0,0,0,0,1,0,0
Mr. Jack Pocket,6.9,15.0,14.0,1.83,0,0,0,0,0,1,0,0
Space Hulk (Fourth Edition),8.0,60.0,12.0,2.72,0,0,0,0,0,0,1,0
Bus,7.5,120.0,14.0,3.06,0,0,0,0,0,1,0,0
Manila,7.0,60.0,10.0,2.03,0,0,0,1,0,0,0,0
Star Trek: Frontiers,7.9,60.0,14.0,4.32,0,0,0,0,0,1,0,0
Blitzkrieg!: World War Two in 20 Minutes,7.7,20.0,14.0,1.76,0,0,0,0,0,1,0,0
Valley of the Kings,7.1,45.0,14.0,2.19,0,0,0,0,0,1,0,0
Cerebria: The Inside World,7.8,60.0,14.0,4.29,0,0,0,0,0,1,0,0
Mint Works,7.0,10.0,13.0,1.65,0,0,0,0,0,1,0,0
Railroad Revolution,7.4,45.0,12.0,3.26,0,0,0,0,0,1,0,0
Cottage Garden,6.9,45.0,8.0,1.90,0,0,0,1,0,0,0,0
Jaws,7.3,60.0,12.0,2.16,0,0,0,0,0,0,1,0
BattleCON: War of Indines,7.7,15.0,9.0,2.77,0,0,0,0,0,1,0,0
Rex: Final Days of an Empire,7.1,120.0,14.0,3.27,0,0,0,0,0,1,0,0
Batman: Gotham City Chronicles,7.8,60.0,14.0,3.67,0,0,0,0,0,0,1,0
Fantastic Factories,7.5,45.0,14.0,2.23,0,0,0,0,0,1,0,0
"Warhammer 40,000: Conquest",7.4,30.0,14.0,3.04,0,0,1,0,0,0,0,0
Unmatched: Cobble & Fog,8.4,20.0,9.0,2.06,0,0,0,1,0,0,0,0
SpaceCorp,7.7,60.0,12.0,2.95,0,0,0,0,0,1,0,0
Atlantis Rising (Second Edition),7.8,60.0,10.0,2.44,0,0,0,1,0,0,0,0
Tak,7.6,20.0,12.0,2.50,1,0,0,0,0,0,0,0
Wiz-War (Eighth Edition),7.1,30.0,14.0,2.32,0,0,0,0,0,0,1,0
Smash Up: Monster Smash,7.3,30.0,12.0,2.29,0,0,0,1,0,0,0,0
Menara,7.5,10.0,8.0,1.60,0,0,0,1,0,0,0,0
Black Fleet,7.0,60.0,14.0,1.95,0,0,0,1,0,0,0,0
World's Fair 1893,7.2,35.0,10.0,1.99,0,0,0,1,0,0,0,0
Fields of Green,7.2,45.0,12.0,2.63,0,0,0,0,0,1,0,0
Majesty: For the Realm,7.0,20.0,7.0,1.72,0,0,0,1,0,0,0,0
Stronghold,7.2,120.0,10.0,3.69,0,0,0,0,0,1,0,0
Rivals for Catan,7.0,45.0,10.0,2.33,0,0,0,0,0,1,0,0
Netrunner,7.4,45.0,10.0,2.93,0,0,1,0,0,0,0,0
A Study in Emerald,7.2,90.0,13.0,3.44,0,0,0,0,0,1,0,0
Tide of Iron,7.2,120.0,12.0,3.46,0,0,0,0,0,0,0,1
Dice Hospital,7.2,45.0,10.0,2.29,0,0,0,1,0,0,0,0
Call to Adventure,7.2,30.0,9.0,2.02,0,0,0,0,0,0,1,0
Islebound,7.2,60.0,13.0,2.72,0,0,0,0,0,1,0,0
Wilderness War,7.7,180.0,12.0,3.30,0,0,0,0,0,0,0,1
Vinci,7.1,90.0,14.0,2.78,0,0,0,0,0,1,0,0
Lovecraft Letter,7.2,5.0,10.0,1.48,0,0,0,0,1,0,0,0
Q.E.,7.5,45.0,8.0,1.75,0,0,0,0,0,1,0,0
Firenze,7.2,60.0,12.0,2.55,0,0,0,1,0,0,0,0
Winner's Circle,7.0,45.0,10.0,1.61,0,0,0,1,0,0,0,0
Istanbul: The Dice Game,7.2,20.0,8.0,1.75,0,0,0,1,0,0,0,0
Luxor,7.2,45.0,8.0,1.94,0,0,0,1,0,0,0,0
Nations: The Dice Game,7.0,20.0,14.0,2.01,0,0,0,1,0,0,0,0
Love Letter,7.7,20.0,10.0,1.16,0,0,0,1,0,0,0,0
Condottiere,6.8,45.0,14.0,1.96,0,0,0,0,0,1,0,0
The Big Book of Madness,7.0,60.0,12.0,2.70,0,0,0,0,0,1,0,0
When I Dream,7.1,20.0,8.0,1.14,0,0,0,0,1,0,0,0
Lowlands,7.4,50.0,12.0,3.03,0,0,0,0,0,1,0,0
Loony Quest,6.9,20.0,8.0,1.19,0,0,0,1,0,0,0,0
Blue Lagoon,7.2,30.0,8.0,2.03,1,0,0,0,0,0,0,0
Via Nebula,7.1,45.0,12.0,2.24,0,0,0,1,0,0,0,0
Ticket to Ride: New York,7.0,10.0,8.0,1.27,0,0,0,1,0,0,0,0
"Hey, That's My Fish!",6.7,20.0,8.0,1.46,1,0,0,0,0,0,0,0
Metropolys,7.0,45.0,8.0,2.21,0,0,0,0,0,1,0,0
Axis & Allies Anniversary Edition,7.4,360.0,12.0,3.10,0,0,0,0,0,0,0,1
Tales & Games: The Hare & the Tortoise,7.1,15.0,7.0,1.38,0,0,0,1,0,0,0,0
Mr. Jack in New York,7.2,30.0,14.0,2.54,0,0,0,0,0,1,0,0
Battles of Westeros,7.3,60.0,12.0,3.21,0,0,0,0,0,0,1,0
A Distant Plain,7.9,180.0,12.0,3.81,0,0,0,0,0,0,0,1
Terror in Meeple City,6.9,45.0,8.0,1.48,0,0,0,1,0,0,0,0
Disney Villainous: Evil Comes Prepared,7.7,40.0,10.0,2.21,0,0,0,1,0,0,0,0
Zendo,7.3,60.0,8.0,2.54,1,0,0,0,0,0,0,0
Shadowrun: Crossfire,7.2,30.0,13.0,2.82,0,0,0,0,0,0,1,0
China,7.0,45.0,12.0,2.29,0,0,0,0,0,1,0,0
Smash Up,6.7,45.0,12.0,2.06,0,0,0,0,0,1,0,0
Falling Sky: The Gallic Revolt Against Caesar,7.9,180.0,14.0,4.01,0,0,0,0,0,0,0,1
DinoGenics,7.7,90.0,14.0,2.92,0,0,0,0,0,0,1,0
NMBR 9,6.9,20.0,8.0,1.22,1,0,0,0,0,0,0,0
Dice Town,6.9,45.0,10.0,1.68,0,0,0,1,0,0,0,0
Battle Cry,7.2,45.0,10.0,2.10,0,0,0,0,0,0,0,1
Letter Jam,7.3,45.0,10.0,2.05,0,0,0,1,0,0,0,0
ICECOOL,6.8,30.0,6.0,1.02,0,1,0,0,0,0,0,0
Massive Darkness,7.2,120.0,14.0,2.55,0,0,0,0,0,0,1,0
Fauna,7.0,45.0,8.0,1.48,0,0,0,1,0,0,0,0
Paleo,7.9,45.0,10.0,2.57,0,0,0,0,0,0,1,0
"Time of Crisis: The Roman Empire in Turmoil, 235-284 AD",7.7,120.0,14.0,2.95,0,0,0,0,0,1,0,0
Container: 10th Anniversary Jumbo Edition!,7.7,75.0,13.0,2.95,0,0,0,0,0,1,0,0
The Lord of the Rings,6.8,60.0,12.0,2.56,0,0,0,0,0,0,1,0
Quartermaster General,7.4,90.0,12.0,2.29,0,0,0,0,0,1,0,0
Empires of the Void II,7.5,90.0,13.0,3.46,0,0,0,0,0,1,0,0
Riverboat,7.5,90.0,10.0,2.90,0,0,0,0,0,1,0,0
Eight-Minute Empire: Legends,7.0,16.0,13.0,1.98,0,0,0,1,0,0,0,0
Ikusa,7.0,240.0,12.0,2.95,0,0,0,0,0,0,1,0
Imperial Struggle,8.4,120.0,12.0,3.89,0,0,0,0,0,1,0,0
1889: History of Shikoku Railways,8.0,210.0,14.0,3.95,0,0,0,0,0,1,0,0
Princes of the Renaissance,7.4,180.0,12.0,3.51,0,0,0,0,0,1,0,0
Quarriors!,6.8,30.0,14.0,1.97,0,0,0,0,0,1,0,0
Fog of Love,6.9,60.0,17.0,2.25,0,0,0,0,0,0,1,0
Yggdrasil,7.0,90.0,13.0,2.60,0,0,0,0,0,1,0,0
1812: The Invasion of Canada,7.3,90.0,10.0,2.18,0,0,0,0,0,1,0,0
Runebound: Second Edition,6.9,120.0,12.0,2.68,0,0,0,0,0,0,1,0
Linko!,7.0,20.0,10.0,1.40,0,0,0,1,0,0,0,0
Domaine,7.0,60.0,12.0,2.72,0,0,0,0,0,1,0,0
Diamonds: Second Edition,6.9,20.0,8.0,1.55,0,0,0,1,0,0,0,0
Ambush!,7.5,240.0,12.0,3.25,0,0,0,0,0,0,0,1
Zombicide: Invader,7.9,60.0,14.0,2.37,0,0,0,0,0,1,0,0
No Retreat! The Russian Front,7.8,360.0,14.0,3.12,0,0,0,0,0,0,0,1
Witness,7.3,15.0,13.0,1.48,0,0,0,0,1,0,0,0
Warhammer Quest,7.5,120.0,12.0,2.69,0,0,0,0,0,0,1,0
Honshū,7.0,30.0,8.0,1.95,0,0,0,1,0,0,0,0
Wendake,7.6,60.0,14.0,3.60,0,0,0,0,0,1,0,0
Wildlands,7.3,30.0,14.0,2.09,0,0,0,0,0,1,0,0
Raccoon Tycoon,7.4,60.0,8.0,2.13,0,0,0,1,0,0,0,0
Dream Home,6.9,30.0,7.0,1.67,0,0,0,1,0,0,0,0
Watson & Holmes,7.4,45.0,12.0,2.19,0,0,0,0,0,0,1,0
Two Rooms and a Boom,7.0,7.0,8.0,1.43,0,0,0,0,1,0,0,0
Deep Space D-6,7.3,30.0,10.0,1.66,0,0,0,0,0,0,1,0
The Magnificent,7.6,60.0,14.0,3.15,0,0,0,0,0,1,0,0
Legend of the Five Rings: The Card Game,7.5,45.0,14.0,4.00,0,0,1,0,0,0,0,0
Kingsburg (Second Edition),7.5,90.0,10.0,2.49,0,0,0,0,0,1,0,0
Sons of Anarchy: Men of Mayhem,7.3,90.0,13.0,2.53,0,0,0,0,0,0,1,0
Level 7 [Omega Protocol],7.5,60.0,14.0,3.12,0,0,0,0,0,1,0,0
Hardback,7.3,45.0,10.0,2.11,0,0,0,1,0,0,0,0
Animal Upon Animal,6.8,15.0,4.0,1.05,0,1,0,0,0,0,0,0
Unlock!: Escape Adventures – Squeek & Sausage,7.2,45.0,10.0,2.13,0,0,0,0,0,0,1,0
Caylus Magna Carta,6.9,45.0,10.0,2.87,0,0,0,0,0,1,0,0
Manoeuvre,7.3,60.0,12.0,2.11,0,0,0,0,0,0,0,1
Automania,7.3,60.0,12.0,2.74,0,0,0,0,0,1,0,0
Cat Lady,7.1,15.0,8.0,1.46,0,0,0,1,0,0,0,0
Primordial Soup,6.9,90.0,12.0,2.73,0,0,0,0,0,1,0,0
Paper Tales,7.1,30.0,12.0,2.12,0,0,0,0,0,1,0,0
Power Grid: Factory Manager,6.9,60.0,12.0,3.00,0,0,0,0,0,1,0,0
Herbaceous,7.1,15.0,8.0,1.18,0,0,0,1,0,0,0,0
Steam Park,6.9,60.0,10.0,2.12,0,0,0,1,0,0,0,0
Pan Am,7.8,60.0,12.0,2.54,0,0,0,0,0,1,0,0
Yellow & Yangtze,7.9,90.0,14.0,3.14,0,0,0,0,0,1,0,0
Loopin' Louie,6.8,10.0,4.0,1.05,0,1,0,0,0,0,0,0
Fangs,6.8,60.0,10.0,1.82,0,0,0,0,1,0,0,0
Risk: Star Wars Edition,7.0,30.0,10.0,1.85,0,0,0,0,0,0,1,0
For the People,7.7,360.0,12.0,3.71,0,0,0,0,0,0,0,1
Vikings Gone Wild,7.2,45.0,10.0,2.22,0,0,0,0,0,1,0,0
Whistle Stop,7.1,75.0,13.0,2.80,0,0,0,0,0,1,0,0
Tsuro,6.7,15.0,8.0,1.24,1,0,0,0,0,0,0,0
Fortune and Glory: The Cliffhanger Game,7.1,90.0,12.0,2.88,0,0,0,0,0,0,1,0
Coffee Roaster,7.6,10.0,12.0,2.14,0,0,0,0,0,1,0,0
Vanuatu,7.2,90.0,12.0,3.33,0,0,0,0,0,1,0,0
Duelosaur Island,7.2,30.0,10.0,2.35,0,0,0,0,0,1,0,0
Coconuts,7.0,20.0,6.0,1.04,0,1,0,0,0,0,0,0
Pathfinder Adventure Card Game: Skull & Shackles – Base Set,7.3,90.0,13.0,2.95,0,0,1,0,0,0,0,0
Haggis,7.0,45.0,13.0,2.12,0,0,0,0,0,1,0,0
Mottainai,7.0,15.0,13.0,3.09,0,0,0,0,0,1,0,0
Witch's Brew,7.0,45.0,9.0,1.87,0,0,0,1,0,0,0,0
Ninjato,7.2,60.0,12.0,2.76,0,0,0,0,0,1,0,0
Ghost Fightin' Treasure Hunters,7.2,30.0,8.0,1.64,0,1,0,0,0,0,0,0
"Julius Caesar: Caesar, Pompey, and the Roman Civil War",7.8,120.0,12.0,2.45,0,0,0,0,0,0,0,1
Quarto,6.9,20.0,8.0,1.94,1,0,0,0,0,0,0,0
Fleet,6.9,30.0,10.0,2.24,0,0,0,0,0,1,0,0
La Isla,6.9,30.0,10.0,2.25,0,0,0,1,0,0,0,0
Blueprints,6.8,30.0,14.0,1.69,0,0,0,1,0,0,0,0
Andean Abyss,7.6,360.0,12.0,3.78,0,0,0,0,0,0,0,1
Archaeology: The New Expedition,7.2,20.0,10.0,1.29,0,0,0,1,0,0,0,0
Escape Room: The Game,7.1,60.0,16.0,2.26,0,0,0,1,0,0,0,0
Hansa,6.9,60.0,10.0,2.34,0,0,0,0,0,1,0,0
Plague Inc.: The Board Game,7.5,60.0,14.0,2.16,0,0,0,0,0,1,0,0
Catan Card Game,6.7,60.0,10.0,2.45,0,0,0,0,0,1,0,0
Peloponnes,7.1,45.0,10.0,2.38,0,0,0,0,0,1,0,0
Hamburgum,7.1,75.0,12.0,3.08,0,0,0,0,0,1,0,0
Strasbourg,7.2,60.0,12.0,2.74,0,0,0,0,0,1,0,0
Trains: Rising Sun,7.5,45.0,12.0,2.44,0,0,0,0,0,1,0,0
Merlin,7.1,75.0,14.0,3.09,0,0,0,0,0,1,0,0
The Prodigals Club,7.3,40.0,14.0,3.27,0,0,0,0,0,1,0,0
Chimera Station,7.3,60.0,13.0,3.14,0,0,0,0,0,1,0,0
The Reckoners,7.8,60.0,13.0,2.73,0,0,0,0,0,0,1,0
Claustrophobia 1643,8.1,45.0,14.0,2.58,0,0,0,0,0,0,1,0
Legacy of Dragonholt,7.3,60.0,14.0,1.21,0,0,0,0,0,0,1,0
Unlock!: Timeless Adventures,8.0,60.0,10.0,2.00,0,0,0,0,0,0,1,0
Carcassonne: South Seas,7.1,35.0,8.0,1.88,0,0,0,1,0,0,0,0
Fairy Tale,6.7,30.0,10.0,1.77,0,0,0,1,0,0,0,0
Forum Trajanum,7.3,60.0,12.0,3.49,0,0,0,0,0,1,0,0
Ultimate Werewolf: Ultimate Edition,7.0,30.0,8.0,1.49,0,0,0,0,1,0,0,0
Canvas,7.8,30.0,14.0,1.59,0,0,0,1,0,0,0,0
Dead Men Tell No Tales,7.1,60.0,13.0,2.52,0,0,0,0,0,1,0,0
Machi Koro,6.6,30.0,10.0,1.53,0,0,0,1,0,0,0,0
Three Kingdoms Redux,7.9,135.0,14.0,4.04,0,0,0,0,0,1,0,0
Rise of Augustus,6.7,30.0,8.0,1.63,0,0,0,1,0,0,0,0
Thunderbolt Apache Leader,8.1,90.0,12.0,3.19,0,0,0,0,0,0,0,1
Conflict of Heroes: Storms of Steel! – Kursk 1943,7.7,120.0,12.0,3.11,0,0,0,0,0,0,0,1
Colossal Arena,6.8,40.0,8.0,2.02,0,0,0,1,0,0,0,0
Explorers of the North Sea,7.4,45.0,12.0,2.16,0,0,0,0,0,1,0,0
Fief: France 1429,7.4,120.0,13.0,3.80,0,0,0,0,0,1,0,0
GIPF,7.1,30.0,9.0,2.77,1,0,0,0,0,0,0,0
Hacienda,6.9,60.0,10.0,2.63,0,0,0,0,0,1,0,0
Cleopatra and the Society of Architects,6.8,60.0,10.0,2.29,0,0,0,1,0,0,0,0
Planet Steam,7.1,90.0,14.0,3.76,0,0,0,0,0,1,0,0
Mission: Red Planet,6.9,60.0,10.0,2.32,0,0,0,0,0,1,0,0
Reavers of Midgard,7.5,60.0,14.0,2.89,0,0,0,0,0,1,0,0
Keythedral,7.1,60.0,8.0,2.86,0,0,0,0,0,1,0,0
Agra,7.3,90.0,12.0,4.37,0,0,0,0,0,1,0,0
New York 1901,6.8,30.0,8.0,2.05,0,0,0,1,0,0,0,0
The Golden Ages,7.3,90.0,12.0,2.89,0,0,0,0,0,1,0,0
Santiago de Cuba,6.9,40.0,10.0,2.15,0,0,0,1,0,0,0,0
General Quarters (Third Edition),7.4,120.0,12.0,3.40,0,0,0,0,0,0,0,1
Twilight of the Ottomans: World War I in the Middle East,7.1,360.0,12.0,2.88,0,0,0,0,0,0,0,1
Attack of the Mutants!,6.3,30.0,12.0,2.00,0,0,0,0,0,0,0,1
Imperial Governor & Strategos,6.9,120.0,12.0,2.20,0,0,0,0,0,0,0,1
Le Temps des As,7.6,30.0,10.0,2.67,0,0,0,0,0,0,0,1
Eclipse,6.1,15.0,8.0,1.89,1,0,0,0,0,0,0,0
MedWar Sicily,6.5,120.0,10.0,2.28,0,0,0,0,0,0,0,1
Decision in France,6.9,360.0,12.0,3.00,0,0,0,0,0,0,0,1
Duel for Kharkov,7.1,180.0,12.0,3.55,0,0,0,0,0,0,0,1
Close Assault: A Man-to-Man Game of Squad Tactics and Command – Europe 1939-1945,7.2,90.0,12.0,2.88,0,0,0,0,0,0,0,1
"Alexandria, 1801",7.4,240.0,12.0,3.20,0,0,0,0,0,0,0,1
Bagh Chal,5.9,20.0,8.0,2.42,1,0,0,0,0,0,0,0
5150,7.3,120.0,12.0,2.60,0,0,0,0,0,0,0,1
Adlung Land,5.9,45.0,10.0,1.79,0,0,0,1,0,0,0,0
Destroyer Captain,7.5,90.0,12.0,3.00,0,0,0,0,0,0,0,1
Chronopia: War in the Eternal Realm,8.1,90.0,12.0,3.50,0,0,0,0,0,0,0,1
"Toulon, 1793",7.3,540.0,11.0,3.38,0,0,0,0,0,0,0,1
MixUp,6.3,20.0,8.0,1.67,1,0,0,0,0,0,0,0
"Solomons Campaign: Air, Land, and Sea Warfare, Pacific 1942",7.5,180.0,12.0,3.85,0,0,0,0,0,0,0,1
800 Heroes: Defense of Sihang Warehouse,6.9,30.0,10.0,1.70,0,0,0,0,0,0,0,1
Partizan!,7.4,240.0,10.0,2.50,0,0,0,0,0,0,0,1
Red Steel: Clash Of Armor At Kishinev,6.7,120.0,14.0,2.82,0,0,0,0,0,0,0,1
España 20: Volume 1,7.5,60.0,13.0,2.33,0,0,0,0,0,0,0,1
Karnivore Koala,5.9,20.0,12.0,1.38,0,0,0,0,1,0,0,0
Major Battles and Campaigns of General George S. Patton,6.4,30.0,12.0,1.79,0,0,0,0,0,0,0,1
Command Decision: Test of Battle,8.1,240.0,12.0,3.14,0,0,0,0,0,0,0,1
Maloney's Inheritance,6.0,45.0,12.0,2.00,0,0,0,1,0,0,0,0
The Alamo,6.2,90.0,12.0,2.27,0,0,0,0,0,0,0,1
The Great Pacific War: The Second World War in the Pacific,6.7,240.0,12.0,4.10,0,0,0,0,0,0,0,1
EinStein würfelt nicht!,6.6,10.0,6.0,1.57,1,0,0,0,0,0,0,0
Expedite,7.2,30.0,14.0,1.86,0,0,0,0,0,1,0,0
Kasserine Pass,6.8,120.0,12.0,2.29,0,0,0,0,0,0,0,1
Battleground World War II,7.2,60.0,12.0,3.64,0,0,0,0,0,0,0,1
Hetzer Sniper!: Sniper Companion Game #1,6.8,60.0,12.0,3.56,0,0,0,0,0,0,0,1
Slavika,5.9,30.0,10.0,2.24,0,0,0,1,0,0,0,0
The King of All Bards,7.7,30.0,10.0,2.25,0,0,0,0,0,0,1,0
Junior Labyrinth,5.7,15.0,5.0,1.20,0,1,0,0,0,0,0,0
Victory at Waterloo,6.9,180.0,10.0,1.67,0,0,0,0,0,0,0,1
Sorry! The Disney Edition,4.8,30.0,6.0,1.00,0,1,0,0,0,0,0,0
Partini,5.1,45.0,18.0,1.36,0,0,0,0,1,0,0,0
Bears vs Babies,5.5,15.0,7.0,1.25,0,0,0,0,1,0,0,0
Mr. Mouth,4.9,10.0,5.0,1.00,0,1,0,0,0,0,0,0
Gnip Gnop,4.8,10.0,5.0,1.06,0,1,0,0,0,0,0,0
Delta V,5.0,60.0,12.0,1.62,0,0,0,1,0,0,0,0
I Hate Zombies,5.2,15.0,6.0,1.04,0,0,0,0,1,0,0,0
Strike Force One: The Cold War Heats Up – 1975,4.8,15.0,13.0,1.12,0,0,0,0,0,0,0,1
Scrimmage: Tactical Professional Football,4.0,90.0,10.0,3.21,0,0,0,0,0,1,0,0
Swap!,5.0,10.0,7.0,1.20,0,1,0,0,0,0,0,0
Skip-Bo,5.5,20.0,8.0,1.22,0,0,0,1,0,0,0,0
Magdar,5.2,20.0,9.0,1.36,0,0,0,1,0,0,0,0
What's Yours Like?,5.1,45.0,12.0,1.13,0,0,0,0,1,0,0,0
Smart Ass,5.4,30.0,12.0,1.33,0,0,0,0,1,0,0,0
3D Tic Tac Toe,4.2,1.0,6.0,1.22,1,0,0,0,0,0,0,0
Ghost Castle,5.4,45.0,6.0,1.12,0,1,0,0,0,0,0,0
Wit's End,5.0,60.0,12.0,1.92,0,0,0,1,0,0,0,0
Dark World,5.3,90.0,10.0,1.93,0,0,0,0,0,0,1,0
Race 3000,4.8,20.0,7.0,1.13,0,1,0,0,0,0,0,0
Boggle Jr.,4.5,10.0,3.0,1.40,0,1,0,0,0,0,0,0
Wyvern,5.2,30.0,10.0,2.24,0,0,1,0,0,0,0,0
UNO Attack!,5.4,30.0,7.0,1.22,0,0,0,1,0,0,0,0
Cheat,5.1,10.0,8.0,1.12,0,0,0,1,0,0,0,0
The Civil War,2.9,1200.0,12.0,3.57,0,0,0,0,0,0,0,1
MacGregor,4.9,30.0,8.0,1.15,0,1,0,0,0,0,0,0
Class Struggle,5.0,90.0,12.0,1.65,0,0,0,0,0,0,1,0
Cranium Zigity,5.3,10.0,8.0,1.09,0,1,0,0,0,0,0,0
The Kids of Catan,5.2,20.0,4.0,1.06,0,1,0,0,0,0,0,0
Adverteasing,4.3,30.0,14.0,1.38,0,0,0,0,1,0,0,0
Der Schatz der Inka,4.9,60.0,8.0,1.27,0,0,0,1,0,0,0,0
Emperor's New Clothes,3.9,15.0,12.0,2.82,0,0,0,0,0,0,1,0
Mega Man: The Board Game,5.3,60.0,13.0,1.67,0,0,0,0,0,1,0,0
Craps,5.0,20.0,10.0,1.79,1,0,0,0,0,0,0,0
Bucket of Doom,5.1,30.0,18.0,1.00,0,0,0,0,1,0,0,0
Halo Interactive Strategy Game,5.0,30.0,10.0,2.13,0,0,0,0,0,0,0,1
Nine Men's Morris,5.4,20.0,6.0,1.83,1,0,0,0,0,0,0,0
Isle of Skye: From Chieftain to King,7.4,30.0,8.0,2.25,0,0,0,1,0,0,0,0
Flamme Rouge,7.6,30.0,8.0,1.68,0,0,0,1,0,0,0,0
Hero Realms,7.6,20.0,12.0,1.91,0,0,1,0,0,0,0,0
Glory to Rome,7.5,60.0,12.0,2.93,0,0,0,0,0,1,0,0
Lewis & Clark: The Expedition,7.5,120.0,14.0,3.34,0,0,0,0,0,1,0,0
1960: The Making of the President,7.6,90.0,12.0,3.21,0,0,0,0,0,1,0,0
Space Base,7.6,60.0,14.0,2.12,0,0,0,1,0,0,0,0
Hanamikoji,7.5,15.0,10.0,1.7,0,0,0,1,0,0,0,0
Power Grid Deluxe: Europe/North America,8.0,120.0,12.0,3.19,0,0,0,0,0,1,0,0
Bora Bora,7.6,60.0,12.0,3.74,0,0,0,0,0,1,0,0
Samurai,7.5,30.0,10.0,2.49,0,0,0,0,0,1,0,0
Dungeon Petz,7.5,90.0,13.0,3.61,0,0,0,0,0,1,0,0
Imperial,7.6,120.0,13.0,3.57,0,0,0,0,0,1,0,0
Pulsar 2849,7.7,60.0,14.0,3.34,0,0,0,0,0,1,0,0
Seasons,7.4,60.0,14.0,2.77,0,0,0,0,0,1,0,0
Imperial Settlers,7.4,45.0,10.0,2.77,0,0,0,0,0,1,0,0
Dixit: Odyssey,7.5,30.0,8.0,1.19,0,0,0,0,1,0,0,0
Age of Empires III: The Age of Discovery,7.5,90.0,10.0,3.13,0,0,0,0,0,1,0,0
Kingdomino,7.4,15.0,8.0,1.21,0,0,0,1,0,0,0,0
Glen More II: Chronicles,8.0,90.0,12.0,3.06,0,0,0,0,0,1,0,0
Modern Art,7.4,45.0,10.0,2.3,0,0,0,0,0,1,0,0
Undaunted: Normandy,7.9,45.0,14.0,2.26,0,0,0,0,0,0,1,0
Dominion (Second Edition),7.9,30.0,14.0,2.17,0,0,0,0,0,1,0,0
Lords of Hellas,7.8,60.0,14.0,3.32,0,0,0,0,0,1,0,0
Space Alert,7.4,30.0,12.0,2.96,0,0,0,0,0,0,1,0
Fury of Dracula (Third/Fourth Edition),7.5,120.0,14.0,3.22,0,0,0,0,0,0,1,0
Battle Line,7.4,30.0,12.0,1.9,0,0,0,0,0,1,0,0
Concordia Venus,8.4,60.0,12.0,3.08,0,0,0,0,0,1,0,0
Dead of Winter: The Long Night,7.6,60.0,14.0,3.41,0,0,0,0,0,0,1,0
Rococo,7.6,60.0,12.0,3.09,0,0,0,0,0,1,0,0
Summoner Wars: Master Set,7.5,30.0,9.0,2.51,0,0,1,0,0,0,0,0
Exit: The Game – The Abandoned Cabin,7.5,60.0,12.0,2.54,0,0,0,1,0,0,0,0
Navegador,7.5,60.0,12.0,3.1,0,0,0,0,0,1,0,0
Tapestry,7.5,90.0,12.0,2.87,0,0,0,0,0,1,0,0
The Manhattan Project: Energy Empire,7.8,60.0,13.0,3.03,0,0,0,0,0,1,0,0
Runewars,7.6,180.0,14.0,3.78,0,0,0,0,0,1,0,0
Alien Frontiers,7.4,90.0,13.0,2.57,0,0,0,0,0,1,0,0
Indonesia,7.9,180.0,14.0,3.98,0,0,0,0,0,1,0,0
Viscounts of the West Kingdom,8.1,60.0,12.0,3.46,0,0,0,0,0,1,0,0
Imperial 2030,7.7,120.0,12.0,3.5,0,0,0,0,0,1,0,0
Burgle Bros.,7.5,45.0,12.0,2.31,0,0,0,1,0,0,0,0
Aeon's End: Legacy,8.2,45.0,14.0,2.83,0,0,0,0,0,1,0,0
Hannibal: Rome vs. Carthage,7.8,40.0,12.0,3.45,0,0,0,0,0,0,0,1
Vindication,7.9,45.0,14.0,3.07,0,0,0,0,0,1,0,0
BattleLore (Second Edition),7.7,45.0,14.0,2.7,0,0,0,0,0,0,0,1
Western Legends,7.7,60.0,14.0,2.79,0,0,0,0,0,0,1,0
Antiquity,7.9,120.0,14.0,4.31,0,0,0,0,0,1,0,0
Pandemic Legacy: Season 0,8.8,45.0,14.0,3.14,0,0,0,0,0,0,1,0
Cthulhu Wars,7.9,90.0,14.0,3.14,0,0,0,0,0,1,0,0
Hive,7.3,20.0,9.0,2.33,1,0,0,0,0,0,0,0
Onitama,7.4,15.0,8.0,1.71,1,0,0,0,0,0,0,0
War Chest,7.9,30.0,14.0,2.29,1,0,0,0,0,0,0,0
Ethnos,7.5,45.0,14.0,2.03,0,0,0,0,0,1,0,0
Mage Wars Arena,7.6,90.0,13.0,3.67,0,0,1,0,0,0,0,0
The Taverns of Tiefenthal,7.6,60.0,12.0,2.66,0,0,0,0,0,1,0,0
Century: Spice Road,7.4,30.0,8.0,1.77,0,0,0,1,0,0,0,0
Above and Below,7.4,90.0,13.0,2.53,0,0,0,0,0,0,1,0
KLASK,7.7,10.0,8.0,1.05,0,0,0,1,0,0,0,0
Nemo's War (Second Edition),8.0,60.0,13.0,3.16,0,0,0,0,0,0,1,0
Small World,7.3,40.0,8.0,2.36,0,0,0,1,0,0,0,0
Star Wars: Outer Rim,7.7,120.0,14.0,2.51,0,0,0,0,0,0,1,0
Arboretum,7.4,30.0,8.0,2.16,0,0,0,1,0,0,0,0
Dungeon Lords,7.4,90.0,12.0,3.56,0,0,0,0,0,1,0,0
Mysterium,7.3,42.0,10.0,1.91,0,0,0,1,0,0,0,0
Telestrations,7.4,30.0,12.0,1.08,0,0,0,0,1,0,0,0
Bruges,7.4,60.0,10.0,2.75,0,0,0,0,0,1,0,0
Sid Meier's Civilization: The Board Game,7.4,120.0,13.0,3.89,0,0,0,0,0,1,0,0
Heaven & Ale,7.6,60.0,12.0,3.24,0,0,0,0,0,1,0,0
Letters from Whitechapel,7.4,60.0,14.0,2.66,0,0,0,0,0,1,0,0
Tikal,7.3,90.0,10.0,2.8,0,0,0,0,0,1,0,0
Cryptid,7.5,30.0,10.0,2.21,0,0,0,1,0,0,0,0
Tiny Epic Galaxies,7.4,30.0,14.0,2.16,0,0,0,0,0,1,0,0
The Resistance,7.3,30.0,13.0,1.61,0,0,0,0,1,0,0,0
Merchants & Marauders,7.4,180.0,13.0,3.24,0,0,0,0,0,0,1,0
Dune,8.1,120.0,14.0,3.91,0,0,0,0,0,1,0,0
Mission: Red Planet (Second Edition),7.5,45.0,14.0,2.2,0,0,0,0,0,1,0,0
Glass Road,7.4,20.0,13.0,2.97,0,0,0,0,0,1,0,0
Ghost Stories,7.3,60.0,12.0,2.91,0,0,0,0,0,1,0,0
Acquire,7.3,90.0,12.0,2.5,0,0,0,0,0,1,0,0
Dixit,7.3,30.0,8.0,1.22,0,0,0,0,1,0,0,0
Star Wars: Armada,7.9,120.0,14.0,3.16,0,0,0,0,0,0,1,0
Takenoko,7.3,45.0,8.0,1.98,0,0,0,1,0,0,0,0
Neuroshima Hex! 3.0,7.4,30.0,13.0,2.61,0,0,0,0,0,1,0,0
Agricola: All Creatures Big and Small,7.4,30.0,13.0,2.35,0,0,0,0,0,1,0,0
Love Letter,7.2,20.0,10.0,1.19,0,0,0,1,0,0,0,0
Here I Stand,7.9,180.0,12.0,4.17,0,0,0,0,0,0,0,1
Calico,8.0,30.0,13.0,2.18,1,0,0,0,0,0,0,0
Survive: Escape from Atlantis!,7.3,45.0,8.0,1.71,0,0,0,1,0,0,0,0
Evolution: Climate,7.6,60.0,12.0,2.78,0,0,0,0,0,1,0,0
Altiplano,7.5,60.0,12.0,3.33,0,0,0,0,0,1,0,0
Harry Potter: Hogwarts Battle,7.5,30.0,11.0,2.08,0,0,0,0,0,1,0,0
Die Macher,7.6,240.0,14.0,4.32,0,0,0,0,0,1,0,0
Bärenpark,7.4,30.0,8.0,1.64,0,0,0,1,0,0,0,0
Notre Dame,7.3,45.0,10.0,2.75,0,0,0,0,0,1,0,0
San Juan,7.3,45.0,10.0,2.29,0,0,0,0,0,1,0,0
51st State: Master Set,7.7,60.0,14.0,2.92,0,0,0,0,0,1,0,0
At the Gates of Loyang,7.4,60.0,10.0,3.13,0,0,0,0,0,1,0,0
The Pillars of the Earth,7.3,90.0,12.0,2.82,0,0,0,0,0,1,0,0
Endeavor,7.4,90.0,12.0,2.91,0,0,0,0,0,1,0,0
For Sale,7.2,30.0,10.0,1.26,0,0,0,1,0,0,0,0
In the Year of the Dragon,7.3,75.0,12.0,3.1,0,0,0,0,0,1,0,0
Bruxelles 1893,7.6,50.0,13.0,3.58,0,0,0,0,0,1,0,0
Sherlock Holmes Consulting Detective: Jack the Ripper & West End Adventures,7.8,60.0,10.0,2.16,0,0,0,0,0,0,1,0
Blood Bowl: Team Manager – The Card Game,7.4,60.0,14.0,2.33,0,0,0,0,0,0,1,0
Saint Petersburg,7.3,45.0,10.0,2.47,0,0,0,0,0,1,0,0
Claustrophobia,7.5,45.0,14.0,2.48,0,0,0,0,0,0,1,0
Bunny Kingdom,7.5,40.0,12.0,2.26,0,0,0,1,0,0,0,0
Azul: Stained Glass of Sintra,7.4,30.0,8.0,1.99,0,0,0,1,0,0,0,0
Clash of Cultures,7.6,180.0,14.0,3.6,0,0,0,0,0,1,0,0
Ticket to Ride: Märklin,7.4,30.0,8.0,2.24,0,0,0,1,0,0,0,0
Charterstone,7.4,45.0,14.0,2.82,0,0,0,0,0,1,0,0
Mythic Battles: Pantheon,8.5,60.0,14.0,3.02,0,0,0,0,0,1,0,0
Gùgōng,7.5,60.0,12.0,3.07,0,0,0,0,0,1,0,0
King of Tokyo,7.2,30.0,8.0,1.49,0,0,0,1,0,0,0,0
Arkham Horror (Third Edition),7.8,120.0,14.0,3.26,0,0,0,0,0,0,1,0
Dune,7.6,60.0,12.0,3.44,0,0,0,0,0,1,0,0
Tiny Towns,7.4,45.0,14.0,2.07,0,0,0,1,0,0,0,0
Civilization,7.5,360.0,12.0,3.66,0,0,0,0,0,1,0,0
Gizmos,7.4,40.0,14.0,2.03,0,0,0,1,0,0,0,0
Nippon,7.7,60.0,12.0,3.79,0,0,0,0,0,1,0,0
Space Hulk (Third Edition),7.5,60.0,12.0,2.78,0,0,0,0,0,0,1,0
Too Many Bones: Undertow,8.8,60.0,12.0,4.03,0,0,0,0,0,1,0,0
Sword & Sorcery,8.0,60.0,12.0,4.03,0,0,0,0,0,0,1,0
Codenames: Pictures,7.3,15.0,10.0,1.27,0,0,0,0,1,0,0,0
Lost Cities,7.2,30.0,10.0,1.5,0,0,0,1,0,0,0,0
San Juan (Second Edition),7.5,45.0,10.0,2.07,0,0,0,0,0,1,0,0
Advanced Squad Leader,8.0,120.0,14.0,4.73,0,0,0,0,0,0,0,1
Mice and Mystics,7.3,60.0,7.0,2.71,0,0,0,0,0,0,1,0
The Manhattan Project,7.4,120.0,13.0,2.96,0,0,0,0,0,1,0,0
Macao,7.4,50.0,12.0,3.14,0,0,0,0,0,1,0,0
Innovation,7.3,45.0,12.0,2.75,0,0,0,0,0,1,0,0
Fresco,7.3,60.0,10.0,2.64,0,0,0,1,0,0,0,0
The Godfather: Corleone's Empire,7.5,60.0,14.0,2.61,0,0,0,0,0,1,0,0
Arkham Horror,7.3,120.0,14.0,3.58,0,0,0,0,0,0,1,0
Maria,8.0,210.0,14.0,3.51,0,0,0,0,0,0,0,1
Dice Forge,7.3,45.0,10.0,1.96,0,0,0,1,0,0,0,0
Blood Bowl: Living Rulebook,7.8,120.0,12.0,3.17,0,0,0,0,0,0,1,0
London (Second Edition),7.6,60.0,14.0,2.7,0,0,0,0,0,1,0,0
Monikers,7.8,30.0,17.0,1.06,0,0,0,0,1,0,0,0
Abyss,7.3,30.0,14.0,2.32,0,0,0,0,0,1,0,0
Stockpile,7.5,45.0,13.0,2.11,0,0,0,0,0,1,0,0
Santa Maria,7.5,45.0,12.0,3.06,0,0,0,0,0,1,0,0
Thunderstone Quest,7.9,60.0,14.0,2.8,0,0,0,0,0,1,0,0
Firefly: The Game,7.4,120.0,13.0,2.95,0,0,0,0,0,0,1,0
A Few Acres of Snow,7.4,60.0,14.0,3.04,0,0,0,0,0,1,0,0
Flash Point: Fire Rescue,7.2,45.0,10.0,2.21,0,0,0,1,0,0,0,0
Pandemic: Fall of Rome,7.7,45.0,8.0,2.44,0,0,0,0,0,1,0,0
Newton,7.6,90.0,14.0,3.4,0,0,0,0,0,1,0,0
Nusfjord,7.6,20.0,12.0,2.86,0,0,0,0,0,1,0,0
Lancaster,7.4,60.0,10.0,2.99,0,0,0,0,0,1,0,0
Star Realms: Frontiers,8.0,20.0,12.0,1.88,0,0,0,0,0,1,0,0
Glen More,7.3,45.0,10.0,2.67,0,0,0,0,0,1,0,0
Millennium Blades,7.7,80.0,12.0,3.68,0,0,0,0,0,0,1,0
Quadropolis,7.3,30.0,8.0,2.21,0,0,0,1,0,0,0,0
Heroscape Master Set: Rise of the Valkyrie,7.4,90.0,8.0,2.29,0,0,1,0,0,0,0,0
Risk Legacy,7.4,60.0,13.0,2.59,0,0,0,0,0,1,0,0
Carpe Diem,7.6,45.0,10.0,2.5,0,0,0,0,0,1,0,0
Kingsburg,7.2,90.0,13.0,2.43,0,0,0,1,0,0,0,0
The Great Zimbabwe,7.8,90.0,14.0,3.7,0,0,0,0,0,1,0,0
Downforce,7.4,20.0,10.0,1.75,0,0,0,1,0,0,0,0
Chinatown,7.3,60.0,12.0,2.27,0,0,0,0,0,1,0,0
Pandemic: The Cure,7.3,30.0,8.0,2.06,0,0,0,1,0,0,0,0
Amerigo,7.5,90.0,10.0,2.99,0,0,0,0,0,1,0,0
BattleLore,7.4,60.0,10.0,2.76,0,0,0,0,0,0,1,0
Spartacus: A Game of Blood and Treachery,7.5,120.0,17.0,2.71,0,0,0,0,0,0,1,0
Twice as Clever!,7.5,30.0,10.0,2.36,0,0,0,1,0,0,0,0
Awkward Guests,7.7,45.0,12.0,2.36,0,0,0,1,0,0,0,0
Biblios,7.2,30.0,10.0,1.68,0,0,0,1,0,0,0,0
Lord of the Rings: The Confrontation,7.5,30.0,14.0,2.2,0,0,0,0,0,1,0,0
Amun-Re,7.3,90.0,12.0,3.04,0,0,0,0,0,1,0,0
Sheriff of Nottingham,7.1,60.0,14.0,1.65,0,0,0,1,0,0,0,0
Skull,7.2,15.0,10.0,1.14,0,0,0,0,1,0,0,0
BattleCON: Devastation of Indines,7.9,45.0,10.0,3.07,0,0,0,0,0,1,0,0
1775: Rebellion,7.7,60.0,10.0,2.24,0,0,0,0,0,0,0,1
Pandemic: Reign of Cthulhu,7.4,40.0,14.0,2.18,0,0,0,0,0,1,0,0
Dice Throne: Season Two – Battle Chest,8.2,20.0,8.0,2.13,0,0,0,1,0,0,0,0
Commands & Colors: Napoleonics,8.0,90.0,14.0,2.74,0,0,0,0,0,0,0,1
Blood Bowl (Third Edition),7.5,180.0,12.0,2.98,0,0,0,0,0,1,0,0
Descent: Journeys in the Dark,7.3,120.0,13.0,3.34,0,0,0,0,0,0,1,0
Forbidden Desert,7.1,45.0,10.0,2.05,0,0,0,1,0,0,0,0
Point Salad,7.3,15.0,8.0,1.15,0,0,0,1,0,0,0,0
Mansions of Madness,7.3,120.0,13.0,3.24,0,0,0,0,0,0,1,0
Raptor,7.3,30.0,9.0,2.06,0,0,0,1,0,0,0,0
Shadows of Brimstone: City of the Ancients,8.0,120.0,12.0,3.34,0,0,0,0,0,0,1,0
Camel Up (Second Edition),7.7,30.0,8.0,1.49,0,0,0,1,0,0,0,0
Madeira,7.6,60.0,12.0,4.29,0,0,0,0,0,1,0,0
Mystic Vale,7.3,45.0,14.0,2.25,0,0,0,0,0,1,0,0
PitchCar,7.3,30.0,6.0,1.13,0,0,0,1,0,0,0,0
"Labyrinth: The War on Terror, 2001 – ?",7.6,180.0,12.0,3.63,0,0,0,0,0,1,0,0
Deus,7.3,60.0,14.0,2.85,0,0,0,0,0,1,0,0
Ginkgopolis,7.4,45.0,13.0,2.91,0,0,0,0,0,1,0,0
Colt Express,7.1,30.0,10.0,1.82,0,0,0,1,0,0,0,0
Schotten Totten,7.3,20.0,8.0,1.74,0,0,0,1,0,0,0,0
London,7.4,90.0,13.0,2.88,0,0,0,0,0,1,0,0
Archipelago,7.3,30.0,14.0,3.73,0,0,0,0,0,1,0,0
Catan,7.2,60.0,10.0,2.32,0,0,0,1,0,0,0,0
Hanabi,7.1,25.0,8.0,1.7,0,0,0,1,0,0,0,0
Legends of Andor,7.2,60.0,10.0,2.76,0,0,0,0,0,0,1,0
First Class: All Aboard the Orient Express!,7.5,40.0,10.0,2.78,0,0,0,0,0,1,0,0
Imperial Settlers: Empires of the North,7.6,45.0,10.0,2.78,0,0,0,0,0,1,0,0
Freedom: The Underground Railroad,7.6,60.0,13.0,2.91,0,0,0,0,0,1,0,0
Sentinels of the Multiverse,7.2,30.0,8.0,2.5,0,0,0,0,0,0,1,0
Aeon's End: The New Age,8.7,60.0,14.0,2.91,0,0,0,0,0,1,0,0
Small World Underground,7.3,30.0,8.0,2.59,0,0,0,0,0,1,0,0
Citadels,7.1,20.0,10.0,2.05,0,0,0,1,0,0,0,0
Shadows over Camelot,7.1,60.0,10.0,2.57,0,0,0,0,0,0,1,0
The Grizzled,7.2,30.0,14.0,1.94,0,0,0,0,0,0,1,0
Roads & Boats,7.7,240.0,14.0,4.18,0,0,0,0,0,1,0,0
Euphoria: Build a Better Dystopia,7.3,60.0,13.0,3.11,0,0,0,0,0,1,0,0
Lords of Vegas,7.3,60.0,12.0,2.36,0,0,0,0,0,1,0,0
Friday,7.1,25.0,13.0,2.14,0,0,0,0,0,1,0,0
One Night Ultimate Werewolf,7.1,10.0,8.0,1.39,0,0,0,0,1,0,0,0
Imhotep,7.2,40.0,10.0,2.01,0,0,0,1,0,0,0,0
Egizia,7.4,90.0,12.0,2.83,0,0,0,0,0,1,0,0
Dwellings of Eldervale,8.5,60.0,14.0,3.19,0,0,0,0,0,1,0,0
Junk Art,7.4,30.0,8.0,1.22,0,0,0,1,0,0,0,0
Time's Up! Title Recall!,7.7,60.0,12.0,1.19,0,0,0,0,1,0,0,0
Betrayal Legacy,7.8,45.0,12.0,2.82,0,0,0,0,0,0,1,0
Obsession,8.3,30.0,14.0,3.18,0,0,0,0,0,1,0,0
The Fox in the Forest,7.2,30.0,10.0,1.59,0,0,0,1,0,0,0,0
Stuffed Fables,7.6,60.0,7.0,2.4,0,0,0,0,0,0,1,0
Tekhenu: Obelisk of the Sun,8.0,60.0,14.0,4.01,0,0,0,0,0,1,0,0
Airlines Europe,7.3,75.0,10.0,2.44,0,0,0,1,0,0,0,0
Fantasy Realms,7.5,20.0,14.0,1.73,0,0,0,1,0,0,0,0
Libertalia,7.2,40.0,14.0,2.24,0,0,0,0,0,1,0,0
Pipeline,7.7,60.0,12.0,3.86,0,0,0,0,0,1,0,0
Thurn and Taxis,7.1,60.0,10.0,2.26,0,0,0,1,0,0,0,0
Vinhos,7.5,60.0,12.0,4.21,0,0,0,0,0,1,0,0
Elysium,7.2,60.0,14.0,2.76,0,0,0,0,0,1,0,0
Ingenious,7.1,45.0,10.0,1.92,1,0,0,0,0,0,0,0
TZAAR,7.7,30.0,13.0,2.54,1,0,0,0,0,0,0,0
"Unmatched: Battle of Legends, Volume One",8.0,20.0,9.0,1.87,0,0,0,0,0,1,0,0
Chess,7.1,60.0,6.0,3.7,1,0,0,0,0,0,0,0
The Colonists,7.6,30.0,12.0,4.09,0,0,0,0,0,1,0,0
Exit: The Game – Dead Man on the Orient Express,7.7,45.0,12.0,2.74,0,0,0,1,0,0,0,0
Queendomino,7.3,25.0,8.0,2.09,0,0,0,1,0,0,0,0
Vikings,7.2,60.0,10.0,2.54,0,0,0,0,0,1,0,0
Photosynthesis,7.1,30.0,10.0,2.29,1,0,0,0,0,0,0,0
KeyForge: Call of the Archons,7.3,15.0,14.0,2.45,0,0,1,0,0,0,0,0
Tales of the Arabian Nights,7.2,120.0,12.0,2.16,0,0,0,0,0,0,1,0
Potion Explosion,7.2,30.0,8.0,1.75,0,0,0,1,0,0,0,0
Praga Caput Regni,8.3,30.0,12.0,3.68,0,0,0,0,0,1,0,0
Argent: The Consortium,7.7,60.0,10.0,3.8,0,0,0,0,0,1,0,0
Escape Plan,7.6,60.0,12.0,3.67,0,0,0,0,0,1,0,0
RoboRally,7.1,45.0,12.0,2.43,0,0,0,0,0,1,0,0
Pathfinder Adventure Card Game: Rise of the Runelords – Base Set,7.2,90.0,13.0,2.71,0,0,0,0,0,0,1,0
Sushi Go!,7.1,15.0,8.0,1.17,0,0,0,1,0,0,0,0
Last Will,7.2,45.0,14.0,2.71,0,0,0,0,0,1,0,0
Taj Mahal,7.3,75.0,12.0,2.99,0,0,0,0,0,1,0,0
Black Orchestra,7.5,90.0,14.0,2.41,0,0,0,0,0,0,1,0
Runebound (Third Edition),7.5,120.0,14.0,2.66,0,0,0,0,0,0,1,0
Forgotten Waters,8.2,120.0,14.0,2.09,0,0,0,0,0,0,1,0
No Thanks!,7.1,20.0,8.0,1.14,0,0,0,1,0,0,0,0
Bohnanza,7.0,45.0,13.0,1.67,0,0,0,1,0,0,0,0
StarCraft: The Board Game,7.3,180.0,12.0,3.84,0,0,0,0,0,1,0,0
Star Wars: X-Wing Miniatures Game – The Force Awakens Core Set,7.8,30.0,14.0,2.83,0,0,1,0,0,0,0,0
Hammer of the Scots,7.6,120.0,12.0,2.98,0,0,0,0,0,0,0,1
Citadels,7.3,30.0,10.0,2.01,0,0,0,1,0,0,0,0
Colosseum,7.2,60.0,10.0,2.75,0,0,0,1,0,0,0,0
Chicago Express,7.2,60.0,12.0,2.78,0,0,0,0,0,1,0,0
Port Royal,7.1,20.0,8.0,1.63,0,0,0,1,0,0,0,0
1846: The Race for the Midwest,7.9,240.0,14.0,4.0,0,0,0,0,0,1,0,0
Karuba,7.2,30.0,8.0,1.46,0,0,0,1,0,0,0,0
Nexus Ops,7.2,90.0,12.0,2.23,0,0,0,0,0,0,1,0
Paperback,7.2,45.0,8.0,1.99,0,0,0,1,0,0,0,0
Conan,7.7,90.0,14.0,2.76,0,0,0,0,0,0,1,0
Discworld: Ankh-Morpork,7.2,60.0,11.0,2.21,0,0,0,0,0,0,1,0
Evolution,7.1,60.0,12.0,2.43,0,0,0,0,0,1,0,0
Automobile,7.3,120.0,12.0,3.52,0,0,0,0,0,1,0,0
Alhambra,7.0,45.0,8.0,2.1,0,0,0,1,0,0,0,0
Pax Porfiriana,7.7,120.0,12.0,3.57,0,0,0,0,0,1,0,0
A Game of Thrones,7.2,180.0,12.0,3.45,0,0,0,0,0,1,0,0
AquaSphere,7.3,100.0,12.0,3.68,0,0,0,0,0,1,0,0
Blood Bowl (2016 Edition),8.1,45.0,12.0,3.52,0,0,0,0,0,0,1,0
Baseball Highlights: 2045,7.5,45.0,9.0,2.21,0,0,0,0,0,1,0,0
Sprawlopolis,7.5,15.0,8.0,1.83,0,0,0,1,0,0,0,0
Francis Drake,7.4,90.0,14.0,2.93,0,0,0,0,0,1,0,0
Wavelength,7.5,30.0,14.0,1.09,0,0,0,0,1,0,0,0
DVONN,7.4,30.0,9.0,2.67,1,0,0,0,0,0,0,0
Star Wars: Destiny,7.5,30.0,10.0,2.28,0,0,1,0,0,0,0,0
Blackout: Hong Kong,7.5,75.0,14.0,3.47,0,0,0,0,0,1,0,0
Carson City,7.2,90.0,12.0,3.18,0,0,0,0,0,1,0,0
Camel Up,7.0,20.0,8.0,1.48,0,0,0,1,0,0,0,0
Railroad Ink: Deep Blue Edition,7.3,20.0,8.0,1.51,0,0,0,1,0,0,0,0
A Game of Thrones: The Card Game (Second Edition),7.6,60.0,14.0,3.53,0,0,1,0,0,0,0,0
Love Letter Premium,7.5,20.0,8.0,1.31,0,0,0,1,0,0,0,0
Earth Reborn,7.7,180.0,13.0,3.89,0,0,0,0,0,0,1,0
Zombicide,7.2,60.0,14.0,2.54,0,0,0,0,0,0,1,0
Gears of War: The Board Game,7.5,60.0,14.0,2.89,0,0,0,0,0,0,1,0
Broom Service,7.2,30.0,10.0,2.4,0,0,0,1,0,0,0,0
Struggle of Empires,7.5,180.0,13.0,3.6,0,0,0,0,0,1,0,0
Hadara,7.5,45.0,10.0,2.19,0,0,0,0,0,1,0,0
Space Empires: 4X,7.7,180.0,12.0,3.35,0,0,0,0,0,0,0,1
Tobago,7.1,60.0,10.0,2.13,0,0,0,1,0,0,0,0
Snowdonia,7.4,30.0,10.0,3.0,0,0,0,0,0,1,0,0
Quantum,7.3,60.0,13.0,2.45,0,0,0,0,0,1,0,0
Carcassonne: Hunters and Gatherers,7.1,35.0,8.0,1.92,0,0,0,1,0,0,0,0
Jamaica,7.1,30.0,8.0,1.65,0,0,0,1,0,0,0,0
The Republic of Rome,7.5,300.0,14.0,4.34,0,0,0,0,0,1,0,0
They Shall Not Pass: The Battle of Verdun 1916,6.6,90.0,12.0,2.61,0,0,0,0,0,0,0,1
Patton in Flames,7.0,120.0,12.0,4.91,0,0,0,0,0,0,0,1
Zoff im Hühnerhof,6.5,20.0,4.0,1.1,0,1,0,0,0,0,0,0
"Iwo Jima: Valor of Arms, 19 Feb. – 25 March 1945",6.7,240.0,12.0,2.82,0,0,0,0,0,0,0,1
South Mountain,6.9,360.0,12.0,3.07,0,0,0,0,0,0,0,1
Corruption,5.8,45.0,10.0,1.82,0,0,0,1,0,0,0,0
Web and Starship,6.4,120.0,12.0,3.53,0,0,0,0,0,0,0,1
"Congo Merc: The Congo, 1964",6.3,30.0,12.0,1.85,0,0,0,0,0,0,0,1
A las Barricadas! (2nd Edition),7.3,120.0,12.0,3.0,0,0,0,0,0,0,0,1
Thunder's Edge,6.2,180.0,12.0,3.13,0,0,0,0,0,0,0,1
Shogun Triumphant,6.5,180.0,12.0,2.89,0,0,0,0,0,0,0,1
MedFront: War in North Africa 1940-43,6.3,180.0,12.0,3.16,0,0,0,0,0,0,0,1
Deus Ex Machina,6.7,30.0,10.0,1.85,0,0,0,1,0,0,0,0
A las Barricadas!,7.1,120.0,12.0,2.73,0,0,0,0,0,0,0,1
Nika,6.5,30.0,8.0,2.2,1,0,0,0,0,0,0,0
Family Fluxx,5.7,2.0,6.0,1.23,0,0,0,1,0,0,0,0
Tante Tarantel,6.2,30.0,10.0,1.21,0,1,0,0,0,0,0,0
The Mediterranean,7.0,480.0,12.0,3.31,0,0,0,0,0,0,0,1
Castle Merchants,5.8,45.0,10.0,1.92,0,0,0,1,0,0,0,0
Heart of Oak: Naval Miniatures Rules for the Age of Fighting Sail,7.4,90.0,12.0,3.67,0,0,0,0,0,0,0,1
Atlantic Chase,8.3,30.0,14.0,3.4,0,0,0,0,0,0,0,1
Victory in Vietnam,7.5,180.0,12.0,3.13,0,0,0,0,0,0,0,1
Cubulus,6.1,20.0,8.0,2.08,1,0,0,0,0,0,0,0
Expedition Altiplano,6.1,30.0,10.0,1.94,0,0,0,0,0,1,0,0
Arvuutin,6.8,30.0,8.0,1.67,0,0,0,1,0,0,0,0
Merchants of the Dark Road,8.1,60.0,12.0,2.92,0,0,0,0,0,1,0,0
Spy Alley,5.7,45.0,8.0,1.52,0,0,0,1,0,0,0,0
Splut!,6.7,20.0,7.0,2.47,1,0,0,0,0,0,0,0
When Lions Sailed,7.1,240.0,10.0,2.78,0,0,0,0,0,0,0,1
Battlefields of Olympus,6.2,30.0,10.0,1.95,0,0,0,0,0,1,0,0
Grand National Derby,6.4,30.0,10.0,1.71,0,0,0,0,0,1,0,0
Battleground Fantasy Warfare: Men of Hawkshold,6.9,60.0,12.0,2.67,0,0,0,0,0,0,0,1
Cairo Corridor,7.3,20.0,10.0,2.0,1,0,0,0,0,0,0,0
Constructo,6.9,15.0,8.0,1.4,1,0,0,0,0,0,0,0
Napoleon at the Berezina,6.7,300.0,12.0,3.18,0,0,0,0,0,0,0,1
"Eylau: Napoleon's Winter Battle, 1807",6.7,180.0,12.0,2.83,0,0,0,0,0,0,0,1
Diceland: Ogre,6.5,10.0,10.0,2.17,0,0,0,0,0,0,1,0
Rostov '41: Race to the Don,7.8,120.0,12.0,2.5,0,0,0,0,0,0,0,1
Star Smuggler,6.4,180.0,12.0,2.83,0,0,0,0,0,0,1,0
"Across Suez: The Battle of the Chinese Farm October 15, 1973",6.1,120.0,12.0,1.96,0,0,0,0,0,0,0,1
Uncle Chestnut's Table Gype,6.3,30.0,8.0,2.0,1,0,0,0,0,0,0,0
Kadesh:  Mobile Warfare in the Ancient Middle East,6.5,120.0,12.0,3.08,0,0,0,0,0,0,0,1
Strike Them a Blow: 1864 North Anna River,7.5,600.0,12.0,3.3,0,0,0,0,0,0,0,1
Brief Border Wars,7.6,60.0,12.0,2.7,0,0,0,0,0,0,0,1
Next War: Vietnam,8.6,120.0,14.0,4.0,0,0,0,0,0,0,0,1
Diam,6.1,10.0,8.0,2.18,1,0,0,0,0,0,0,0
"Inferno sugli Altipiani, 1916",7.8,180.0,12.0,3.25,0,0,0,0,0,0,0,1
Battlefront: WWII,7.3,180.0,12.0,3.63,0,0,0,0,0,0,0,1
Le Vol de l'Aigle,7.6,600.0,12.0,2.92,0,0,0,0,0,0,0,1
Darkest December: Battle of the Bulge 1944,7.5,180.0,12.0,3.78,0,0,0,0,0,0,0,1
Galactic Strike Force,5.7,60.0,13.0,3.31,0,0,0,0,0,0,1,0
The Legend of Landlock,5.8,20.0,8.0,1.24,1,0,0,0,0,0,0,0
Amphipolis,6.2,30.0,10.0,1.8,0,0,0,1,0,0,0,0
Dragon Noir 2: L'Epreuve,7.2,120.0,12.0,2.67,0,0,0,0,0,0,0,1
The Walking Dead: The Board Game,5.7,30.0,13.0,2.03,0,0,0,0,0,0,1,0
Carnival,5.7,30.0,13.0,1.52,0,0,0,1,0,0,0,0
Attangle,7.0,45.0,8.0,2.8,1,0,0,0,0,0,0,0
Jasper and Zot,6.1,30.0,7.0,1.53,0,0,0,1,0,0,0,0
Command Decision,6.5,360.0,12.0,3.55,0,0,0,0,0,0,0,1
Rok 1920,7.6,120.0,12.0,3.73,0,0,0,0,0,0,0,1
Carla Cat,5.7,15.0,5.0,1.02,0,1,0,0,0,0,0,0
Killer,6.2,360.0,12.0,2.07,0,0,0,0,1,0,0,0
Bonbons,6.0,10.0,7.0,1.14,0,1,0,0,0,0,0,0
Cornucopia,5.8,45.0,8.0,1.44,0,0,0,1,0,0,0,0
Clash of Empires: The Battle for France 1914,6.8,120.0,12.0,2.5,0,0,0,0,0,0,0,1
The Da Vinci Code Board Game: The Quest for the Truth,5.1,120.0,12.0,2.06,0,0,0,1,0,0,0,0
ZombieTown,5.3,60.0,12.0,2.17,0,0,0,0,0,0,1,0
Mix-max,4.7,20.0,5.0,1.0,0,1,0,0,0,0,0,0
SPANC: Space Pirate Amazon Ninja Catgirls,5.3,60.0,14.0,1.31,0,0,0,0,0,0,1,0
The Yeti Slalom,4.9,30.0,8.0,1.33,0,1,0,0,0,0,0,0
Hyborian Gates,3.8,90.0,12.0,3.0,0,0,1,0,0,0,0,0
Trivial Pursuit: Millennium Edition,5.3,60.0,15.0,1.54,0,0,0,1,0,0,0,0
Tactics II,5.4,120.0,12.0,2.05,0,0,0,0,0,0,0,1
Fairytale Games: The Battle Royale,3.9,30.0,13.0,3.6,0,0,0,0,0,0,1,0
Star Wars: Jedi Knights CCG,4.7,20.0,12.0,2.0,0,0,1,0,0,0,0,0
SuDoku: Das Brettspiel,4.6,45.0,6.0,1.26,1,0,0,0,0,0,0,0
Monopoly: French,4.4,90.0,8.0,2.0,0,1,0,0,0,0,0,0
Jumpin' Monkeys,5.1,20.0,5.0,1.08,0,1,0,0,0,0,0,0
Amber,5.1,30.0,10.0,1.7,0,0,0,1,0,0,0,0
The Allowance Game,4.0,30.0,6.0,1.0,0,1,0,0,0,0,0,0
Kill the Hippies,4.8,20.0,18.0,1.23,0,0,0,0,1,0,0,0
Flinch,5.2,20.0,7.0,1.14,0,0,0,1,0,0,0,0
Cat & Mouse,4.8,20.0,4.0,1.07,0,1,0,0,0,0,0,0
Dixie: The Second War Between the States,4.6,60.0,12.0,2.39,0,0,0,0,0,0,0,1
The Very Hungry Caterpillar Card Game,3.7,10.0,3.0,1.0,0,1,0,0,0,0,0,0
Clue Jr.: The Case of the Hidden Toys,4.5,30.0,5.0,1.2,0,1,0,0,0,0,0,0
Hotel Tycoon,5.5,60.0,8.0,1.42,0,0,0,1,0,0,0,0
Chez Dork,5.3,30.0,12.0,1.31,0,0,0,0,1,0,0,0
Hot Potato,4.4,10.0,4.0,1.0,0,1,0,0,0,0,0,0
The Game of Life: A Jedi's Path,5.3,60.0,9.0,1.37,0,1,0,0,0,0,0,0
Choco,4.5,25.0,3.0,1.0,0,1,0,0,0,0,0,0
Iceberg Seals,5.3,20.0,5.0,1.06,0,1,0,0,0,0,0,0
Armada,5.2,120.0,10.0,2.2,0,0,0,1,0,0,0,0
Key to the Kingdom,5.5,45.0,8.0,1.59,0,1,0,0,0,0,0,0
Gundam Zeta A.E.U.G.,6.0,360.0,12.0,3.0,0,0,0,0,0,0,0,1
Muggins!,5.7,30.0,10.0,3.5,1,0,0,0,0,0,0,0
Tokugawa Ieyasu,6.0,360.0,12.0,2.0,0,0,0,0,0,0,0,1
Genpei War: Rise and Fall,4.8,30.0,10.0,1.0,0,0,0,0,0,0,0,1
Angelina Ballerina's Dancing Game,4.8,15.0,3.0,0.0,0,1,0,0,0,0,0,0
Angelina's Dress-Up Card Game,3.0,10.0,3.0,1.0,0,1,0,0,0,0,0,0
Maisy Game,4.8,10.0,3.0,1.0,0,1,0,0,0,0,0,0
"1, 2, 3 Treasures in the Sea",6.5,10.0,3.0,0.0,0,1,0,0,0,0,0,0
Gunfight at OK Corral,7.3,5.0,8.0,0.0,0,1,0,0,0,0,0,0
Legend of the Galactic Heroes,6.6,360.0,12.0,2.0,0,0,0,0,0,0,0,1
The Highest Ground,0.0,60.0,12.0,0.0,0,0,0,0,0,0,0,1
Midway,5.5,360.0,12.0,2.0,0,0,0,0,0,0,0,1
+ 0,6.4,180.0,12.0,2.0,0,0,0,0,0,0,0,1
Hunny Pot  Picnic,3.8,10.0,3.0,1.0,0,1,0,0,0,0,0,0
Threading Caterpillar,7.5,15.0,4.0,0.0,0,1,0,0,0,0,0,0
Capharnaüm,5.4,30.0,8.0,2.0,1,0,0,0,0,0,0,0
Bonnie Blue,7.2,30.0,12.0,1.5,0,0,0,0,0,0,0,1
Blazing Jets,6.9,10.0,12.0,0.0,1,0,0,0,0,0,0,0
Ship of the Line,7.5,60.0,12.0,0.0,0,0,0,0,0,0,0,1
Zauberlehrling,5.2,10.0,4.0,1.0,0,1,0,0,0,0,0,0
Clash of the War Galleys,0.0,120.0,12.0,0.0,0,0,0,0,0,0,0,1
Rangers!,6.0,60.0,12.0,4.0,0,0,0,0,0,0,0,1
Jungle,4.5,5.0,8.0,1.0,1,0,0,0,0,0,0,0
Combat Commander 1973-1983,6.1,240.0,12.0,4.25,0,0,0,0,0,0,0,1
StarMarines,1.0,30.0,12.0,0.0,0,0,0,0,0,0,0,1
Hack & Sack New Jersey,0.0,30.0,12.0,0.0,0,0,0,0,0,0,0,1
+ 0,6.7,60.0,12.0,2.0,0,0,0,0,0,0,0,1
Dogfaces in Space,6.0,30.0,12.0,3.0,0,0,0,0,0,0,0,1
+ 0,6.3,30.0,8.0,1.0,0,1,0,0,0,0,0,0
Risky Mgax,0.0,30.0,6.0,0.0,0,0,1,0,0,0,0,0
+ 0,0.0,60.0,12.0,0.0,0,0,0,0,0,0,0,1
EasyStar,5.0,30.0,12.0,3.0,0,0,0,0,0,0,0,1
Gunfir(E),0.0,30.0,12.0,0.0,0,0,0,0,0,0,0,1
EasyShips,7.3,30.0,12.0,2.67,0,0,0,0,0,0,0,1
Samurai Wargame Rules,5.0,60.0,12.0,0.0,0,0,0,0,0,0,0,1
Montcalm & Wolfe,6.4,240.0,12.0,3.33,0,0,0,0,0,0,0,1
Challenger 2000: Ultra Modern Wargame Rules for Battle Group Level Games 1970 to 1995,6.4,240.0,12.0,4.0,0,0,0,0,0,0,0,1
+ 0,7.4,120.0,12.0,3.26,0,0,0,0,0,1,0,0
"War in the West: WWII in Western Europe, 1939-1945",6.9,360.0,14.0,3.5,0,0,0,0,0,0,0,1
Fall of Constantinople,6.1,30.0,12.0,0.0,0,0,0,0,0,0,0,1
Unispel,0.0,60.0,10.0,0.0,1,0,0,0,0,0,0,0
Eiyu Sengoku Jidai,5.0,360.0,12.0,1.0,0,0,0,0,0,0,0,1
Sekigahara fierce fight,7.5,120.0,14.0,3.0,0,0,0,0,0,0,0,1
Guess How Much I Love You Game,2.3,30.0,3.0,0.0,0,1,0,0,0,0,0,0
London Rules Wargames Section American Civil War 1863c,0.0,180.0,12.0,0.0,0,0,0,0,0,0,0,1
Robots! The Game,3.8,30.0,5.0,0.0,0,1,0,0,0,0,0,0
Hell by Starlight,6.0,120.0,12.0,0.0,0,0,0,0,0,0,0,1
Ironclads and Ether Flyers,7.3,120.0,12.0,3.0,0,0,0,0,0,0,0,1
+ 0,6.5,90.0,12.0,2.5,0,0,0,0,0,0,0,1
+ 0,6.0,360.0,12.0,3.0,0,0,0,0,0,0,0,1
Semper Fi! Uncommon Valor ATS Upgrade,7.3,120.0,12.0,3.33,0,0,0,0,0,0,0,1
ATS Blood & Iron,7.7,120.0,12.0,2.67,0,0,0,0,0,0,0,1
Micro Fleet: World War 2,5.7,240.0,12.0,2.0,0,0,0,0,0,0,0,1
Micro Sci-Fi,6.4,240.0,12.0,0.0,0,0,0,0,0,0,0,1
Connexxions,0.0,30.0,13.0,0.0,1,0,0,0,0,0,0,0
Aeon's End: War Eternal,8.4,60.0,14.0,2.92,0,0,0,0,0,1,0,0
Captain Sonar,7.6,45.0,14.0,2.15,0,0,0,0,1,0,0,0
Cosmic Encounter,7.5,60.0,12.0,2.57,0,0,0,0,0,1,0,0
Marvel Champions: The Card Game,8.2,45.0,14.0,2.81,0,0,1,0,0,0,0,0
Architects of the West Kingdom,7.8,60.0,12.0,2.78,0,0,0,0,0,1,0,0
Flying Hats,4.7,10.0,4.0,1.0,0,1,0,0,0,0,0,0
Maracaibo,8.3,30.0,12.0,3.88,0,0,0,0,0,1,0,0
Pandemic Legacy: Season 1,8.6,60.0,13.0,2.84,0,0,0,0,0,1,0,0
Pandemic Legacy: Season 2,8.1,60.0,14.0,3.25,0,0,0,0,0,0,1,0
Chronicles of Crime,7.8,60.0,14.0,2.1,0,0,0,0,0,0,1,0
Descent: Journeys in the Dark (Second Edition),7.7,120.0,14.0,3.2,0,0,0,0,0,0,1,0
Galaxy Trucker,7.4,60.0,10.0,2.33,0,0,0,0,0,0,1,0
Just One,7.6,20.0,8.0,1.06,0,0,0,0,1,0,0,0
Shogun,7.5,90.0,12.0,3.37,0,0,0,0,0,1,0,0
Codenames,7.6,15.0,14.0,1.29,0,0,0,0,1,0,0,0
The Isle of Cats,8.0,60.0,8.0,2.33,0,0,0,1,0,0,0,0
Too Many Bones,8.4,60.0,12.0,3.85,0,0,0,0,0,1,0,0
It's a Wonderful World,7.9,30.0,14.0,2.28,0,0,0,0,0,1,0,0
Memoir '44,7.6,30.0,8.0,2.27,0,0,0,0,0,0,0,1
Star Wars: Imperial Assault,8.0,60.0,14.0,3.31,0,0,0,0,0,0,1,0
We Were Brothers,7.6,120.0,15.0,3.36,0,0,0,0,0,0,0,1
Le Havre,7.9,30.0,12.0,3.74,0,0,0,0,0,1,0,0
Caverna: The Cave Farmers,8.0,30.0,12.0,3.79,0,0,0,0,0,1,0,0
7,5.0,120.0,15.0,3.11,0,0,0,0,0,0,1,0
Tigris & Euphrates,7.7,90.0,12.0,3.51,0,0,0,0,0,1,0,0
Detective: A Modern Crime Board Game,7.9,120.0,16.0,2.72,0,0,0,0,0,0,1,0
Flink,8.0,20.0,10.0,2.0,1,0,0,0,0,0,0,0
Food Chain Magnate,8.1,120.0,14.0,4.2,0,0,0,0,0,1,0,0
Teotihuacan: City of Gods,8.0,90.0,14.0,3.77,0,0,0,0,0,1,0,0
Nemesis,8.4,90.0,12.0,3.34,0,0,0,0,0,0,1,0
Yokohama,7.9,90.0,14.0,3.28,0,0,0,0,0,1,0,0
Rising Sun,7.9,90.0,14.0,3.27,0,0,0,0,0,1,0,0
Trickerion: Legends of Illusion,7.9,60.0,14.0,4.21,0,0,0,0,0,1,0,0
Power Grid,7.9,120.0,12.0,3.27,0,0,0,0,0,1,0,0
An Attrition of Souls,7.8,30.0,14.0,2.5,0,0,0,0,0,0,0,1
Village,7.5,60.0,12.0,3.07,0,0,0,0,0,1,0,0
Endeavor: Age of Sail,8.0,60.0,13.0,2.8,0,0,0,0,0,1,0,0
Champions of Midgard,7.8,60.0,10.0,2.59,0,0,0,0,0,1,0,0
Zingo!,5.3,5.0,4.0,1.03,0,1,0,0,0,0,0,0
Clank! Legacy: Acquisitions Incorporated,8.8,90.0,13.0,2.68,0,0,0,0,0,0,1,0
The Crew: The Quest for Planet Nine,8.0,20.0,10.0,2.0,0,0,0,1,0,0,0,0
Raiders of the North Sea,7.8,60.0,12.0,2.53,0,0,0,0,0,1,0,0
I Am Vlad: Prince of Wallachia,4.7,120.0,13.0,2.92,0,0,0,0,0,0,1,0
Underwater Cities,8.1,80.0,12.0,3.6,0,0,0,0,0,1,0,0
Res Arcana,7.8,20.0,12.0,2.58,0,0,0,0,0,1,0,0
Targi,7.6,60.0,12.0,2.36,0,0,0,0,0,1,0,0
Codenames: Duet,7.6,15.0,11.0,1.34,0,0,0,1,0,0,0,0
Magic: The Gathering,7.5,20.0,13.0,3.22,0,0,1,0,0,0,0,0
Carcassonne,7.4,30.0,7.0,1.91,0,0,0,1,0,0,0,0
Terraforming Mars,8.4,120.0,12.0,3.24,0,0,0,0,0,1,0,0
Gloomhaven,8.8,60.0,14.0,3.86,0,0,0,0,0,1,0,0
Istanbul,7.6,40.0,10.0,2.58,0,0,0,0,0,1,0,0
Mechs vs. Minions,8.0,60.0,14.0,2.42,0,0,0,0,0,1,0,0
Frantic Frankfurt,5.0,10.0,8.0,1.22,0,0,0,1,0,0,0,0
Taiheiki,8.2,120.0,12.0,1.8,0,0,0,0,0,0,0,1
Autokrator,6.3,90.0,12.0,2.46,0,0,0,0,0,1,0,0
Hydra!: The Ultimate Starcruiser?,0.0,60.0,12.0,3.0,0,0,0,0,0,0,0,1
Xia: Legends of a Drift System,7.9,60.0,12.0,3.17,0,0,0,0,0,1,0,0
Puerto Rico,8.0,90.0,12.0,3.28,0,0,0,0,0,1,0,0
The Castles of Burgundy,8.1,30.0,12.0,3.0,0,0,0,0,0,1,0,0
Legendary Encounters: An Alien Deck Building Game,7.8,30.0,17.0,2.71,0,0,0,0,0,0,1,0
Arcadia Quest,7.7,60.0,13.0,2.53,0,0,0,0,0,0,1,0
La Granja,7.7,90.0,12.0,3.59,0,0,0,0,0,1,0,0
Eclipse,7.9,60.0,14.0,3.7,0,0,0,0,0,1,0,0
Paths of Glory,8.1,480.0,14.0,3.84,0,0,0,0,0,0,0,1
+ 0,8.0,30.0,12.0,4.0,0,0,0,0,0,0,0,1
Crokinole,7.9,30.0,8.0,1.26,0,0,0,1,0,0,0,0
Santorini,7.5,20.0,8.0,1.73,1,0,0,0,0,0,0,0
Go,7.6,30.0,8.0,4.0,1,0,0,0,0,0,0,0
Days of Decision,6.3,360.0,12.0,3.79,0,0,0,0,0,0,0,1
Vinhos Deluxe Edition,8.2,60.0,14.0,4.05,0,0,0,0,0,1,0,0
Spirit Island,8.4,90.0,13.0,4.01,0,0,0,0,0,1,0,0
Star Wars: Rebellion,8.4,180.0,14.0,3.71,0,0,0,0,0,0,1,0
Trajan,7.8,60.0,12.0,3.65,0,0,0,0,0,1,0,0
Crossfire,5.3,10.0,7.0,1.13,0,1,0,0,0,0,0,0
Clocktowers,5.7,20.0,8.0,1.39,0,0,0,1,0,0,0,0
Suburbia,7.5,60.0,8.0,2.77,0,0,0,0,0,1,0,0
Century: Golem Edition,7.7,30.0,8.0,1.66,0,0,0,1,0,0,0,0
Terra Mystica,8.1,60.0,12.0,3.96,0,0,0,0,0,1,0,0
Azul: Summer Pavilion,7.8,30.0,8.0,2.04,1,0,0,0,0,0,0,0
YINSH,7.7,30.0,9.0,2.7,1,0,0,0,0,0,0,0
The Resistance: Avalon,7.6,30.0,13.0,1.77,0,0,0,0,1,0,0,0
Great Western Trail,8.3,75.0,12.0,3.71,0,0,0,0,0,1,0,0
7 Wonders Duel,8.1,30.0,10.0,2.22,0,0,0,0,0,1,0,0
Great War at Sea: U.S. Navy Plan Black,6.7,120.0,12.0,2.4,0,0,0,0,0,0,0,1
Armada: The War With Spain 1585-1604,5.0,480.0,12.0,3.0,0,0,0,0,0,0,0,1
That's Pretty Clever!,7.6,30.0,8.0,1.89,0,0,0,1,0,0,0,0
Mr. Bucket,3.5,10.0,4.0,1.0,0,1,0,0,0,0,0,0
Mythfire,5.0,30.0,9.0,3.0,0,0,0,0,0,0,0,1
Yom Kippur,7.0,120.0,12.0,3.4,0,0,0,0,0,0,0,1
Trivial Pursuit: Junior,4.9,60.0,8.0,1.2,0,1,0,0,0,0,0,0
Viticulture,7.6,90.0,13.0,2.93,0,0,0,0,0,1,0,0
Power,6.0,30.0,10.0,2.63,1,0,0,0,0,0,0,0
Star Realms: Colony Wars,7.9,20.0,12.0,1.9,0,0,0,0,0,1,0,0
Legendary: A Marvel Deck Building Game,7.6,30.0,14.0,2.44,0,0,0,0,0,0,1,0
Nations,7.6,40.0,14.0,3.54,0,0,0,0,0,1,0,0
Malefiz,5.4,60.0,8.0,1.2,0,0,0,1,0,0,0,0
Brass: Lancashire,8.2,60.0,14.0,3.86,0,0,0,0,0,1,0,0
Five Little Monkeys Jumping on the Bed,4.2,10.0,3.0,1.38,0,1,0,0,0,0,0,0
Tichu,7.6,60.0,10.0,2.34,0,0,0,0,0,1,0,0
Mansions of Madness: Second Edition,8.1,120.0,14.0,2.68,0,0,0,0,0,0,1,0
Tank on Tank: West Front,7.3,20.0,10.0,1.71,0,0,0,0,0,0,0,1
"Win, Lose, or Banana",5.4,1.0,4.0,1.07,0,0,0,0,1,0,0,0
The Voyages of Marco Polo,7.9,40.0,12.0,3.18,0,0,0,0,0,1,0,0
Napoleon at Chattanooga,5.9,120.0,12.0,0.0,0,0,0,0,0,0,0,1
Simply Ingenious,5.3,20.0,7.0,1.17,0,0,0,1,0,0,0,0
+ 0,7.0,120.0,12.0,5.0,0,0,0,0,0,0,0,1
Pandemic: Iberia,7.9,45.0,8.0,2.57,0,0,0,0,0,1,0,0
+ 0,6.3,480.0,12.0,3.0,0,0,0,0,0,0,0,1
Curse of the Idol,5.3,60.0,8.0,1.22,0,1,0,0,0,0,0,0
Lords of Waterdeep,7.8,60.0,12.0,2.46,0,0,0,0,0,1,0,0
The Lord of the Rings: The Card Game,7.6,30.0,13.0,3.18,0,0,1,0,0,0,0,0
My First Brain Quest Preschool Animal Matching,6.0,10.0,2.0,1.0,0,1,0,0,0,0,0,0
Quao,5.0,60.0,12.0,1.1,0,0,0,0,1,0,0,0
Global Pursuit,5.2,60.0,10.0,1.84,0,0,0,1,0,0,0,0
Dinosaur Island,7.7,90.0,8.0,3.04,0,0,0,0,0,1,0,0
Dr. Seuss Green Eggs and Ham Game,4.1,30.0,4.0,1.13,0,1,0,0,0,0,0,0
Lost Ruins of Arnak,8.2,30.0,12.0,2.75,0,0,0,1,0,0,0,0
Azul,7.8,30.0,8.0,1.76,1,0,0,0,0,0,0,0
Chaos in the Old World,7.7,60.0,13.0,3.19,0,0,0,0,0,1,0,0
Twilight Imperium: Fourth Edition,8.7,240.0,14.0,4.23,0,0,0,0,0,1,0,0
Keyflower,7.8,90.0,12.0,3.35,0,0,0,0,0,1,0,0
Goa,7.6,90.0,12.0,3.38,0,0,0,0,0,1,0,0
Ora et Labora,7.7,60.0,13.0,3.9,0,0,0,0,0,1,0,0
Twilight Struggle,8.3,120.0,13.0,3.59,0,0,0,0,0,1,0,0
Hansa Teutonica,7.7,45.0,12.0,3.12,0,0,0,0,0,1,0,0
Decrypto,7.8,15.0,12.0,1.82,0,0,0,0,1,0,0,0
Alchemists,7.7,120.0,13.0,3.9,0,0,0,0,0,1,0,0
Cartographers,7.8,30.0,10.0,1.91,0,0,0,1,0,0,0,0
Cir*Kis,5.3,15.0,8.0,1.67,1,0,0,0,0,0,0,0
S.A.B.O.T.,0.0,30.0,12.0,0.0,0,0,0,0,0,0,0,1
Concordia,8.1,100.0,13.0,3.02,0,0,0,0,0,1,0,0
Forbidden Stars,8.0,120.0,14.0,3.83,0,0,0,0,0,1,0,0
Dominion: Intrigue,7.7,30.0,13.0,2.42,0,0,0,0,0,1,0,0
Orléans,8.1,90.0,12.0,3.05,0,0,0,0,0,1,0,0
Sekigahara: The Unification of Japan,8.0,180.0,14.0,2.78,0,0,0,0,0,0,0,1
Twilight Imperium: Third Edition,7.8,180.0,14.0,4.25,0,0,0,0,0,1,0,0
Clank! In! Space!: A Deck-Building Adventure,7.9,45.0,12.0,2.53,0,0,0,0,0,1,0,0
Continuo,5.3,20.0,4.0,1.41,1,0,0,0,0,0,0,0
Ra,7.5,45.0,12.0,2.35,0,0,0,0,0,1,0,0
Alaska,5.8,60.0,12.0,1.44,0,0,0,1,0,0,0,0
Redneck Life,5.4,60.0,13.0,1.43,0,0,0,0,1,0,0,0
Tyrants of the Underdark,7.9,60.0,14.0,2.57,0,0,0,0,0,1,0,0
Galaxy's Edge,6.1,60.0,10.0,2.39,0,0,0,0,0,1,0,0
Check Your 6! Jet Age,8.0,120.0,12.0,3.11,0,0,0,0,0,0,0,1
Wingspan,8.1,40.0,10.0,2.42,0,0,0,1,0,0,0,0
Gators!,6.8,30.0,12.0,4.5,0,0,0,0,0,0,0,1
Patchwork,7.7,15.0,8.0,1.63,1,0,0,0,0,0,0,0
Kemet,7.7,90.0,13.0,3.0,0,0,0,0,0,1,0,0
Secret Hitler,7.6,45.0,13.0,1.69,0,0,0,0,1,0,0,0
Mombasa,7.9,75.0,12.0,3.9,0,0,0,0,0,1,0,0
Paladins of the West Kingdom,8.1,90.0,12.0,3.67,0,0,0,0,0,1,0,0
7 Wonders,7.7,30.0,10.0,2.33,0,0,0,1,0,0,0,0
Chef Alfredo,6.0,15.0,5.0,1.0,0,1,0,0,0,0,0,0
Anachrony,8.1,30.0,15.0,4.0,0,0,0,0,0,1,0,0
Orbital Battle,0.0,30.0,12.0,0.0,0,0,0,0,0,0,0,1
Oosterbeek Perimeter,8.3,300.0,12.0,3.25,0,0,0,0,0,0,0,1
Gloomhaven: Jaws of the Lion,8.8,30.0,14.0,3.56,0,0,0,0,0,1,0,0
Combined Arms: Combat Operations in the 20th Century,4.5,120.0,12.0,2.64,0,0,0,0,0,0,0,1
Dominoes,5.5,30.0,5.0,1.38,1,0,0,0,0,0,0,0
Das Kleine Gespenst,6.0,15.0,5.0,1.2,0,1,0,0,0,0,0,0
Agricola,7.9,30.0,12.0,3.64,0,0,0,0,0,1,0,0
A Game of Thrones: The Board Game (Second Edition),7.6,120.0,14.0,3.72,0,0,0,0,0,1,0,0
+ 2,7.5,30.0,12.0,0.0,0,0,0,0,0,0,0,1
A Bridge Too Far: Operation Market Garden,7.0,90.0,12.0,2.11,0,0,0,0,0,0,0,1
El Grande,7.8,60.0,12.0,3.05,0,0,0,0,0,1,0,0
Cranium Cadoo,5.3,45.0,7.0,1.2,0,1,0,0,0,0,0,0
Gekitsui oh,5.0,360.0,12.0,4.0,0,0,0,0,0,0,0,1
Everdell,8.1,40.0,13.0,2.81,0,0,0,1,0,0,0,0
Axis Threat,0.0,360.0,12.0,0.0,0,0,0,0,0,0,0,1
Wabbit Wampage,6.0,120.0,12.0,2.0,0,0,0,0,0,0,1,0
We Didn't Playtest This At All,5.5,1.0,12.0,1.09,0,0,0,0,1,0,0,0
A Feast for Odin,8.2,30.0,12.0,3.84,0,0,0,0,0,1,0,0
Age of Steam,7.8,120.0,13.0,3.9,0,0,0,0,0,1,0,0
1800: Colorado,6.2,90.0,16.0,3.57,0,0,0,0,0,1,0,0
Dune: Imperium,8.4,60.0,14.0,2.9,0,0,0,0,0,1,0,0
Zombicide: Black Plague,7.7,60.0,14.0,2.51,0,0,0,0,0,0,1,0
Scythe,8.2,90.0,14.0,3.41,0,0,0,0,0,1,0,0
Lisboa,8.2,60.0,12.0,4.55,0,0,0,0,0,1,0,0
"The Punic Wars: Rome vs Carthage, 264-146 B.C.",6.1,60.0,12.0,2.48,0,0,0,0,0,0,0,1
Railways of the World,7.7,120.0,10.0,3.02,0,0,0,0,0,1,0,0
Domain,6.1,15.0,8.0,1.78,1,0,0,0,0,0,0,0
Clank!: A Deck-Building Adventure,7.8,30.0,12.0,2.21,0,0,0,1,0,0,0,0
Gauss,7.0,15.0,10.0,1.75,1,0,0,0,0,0,0,0
Turn The Terrible Tank,6.3,5.0,6.0,1.0,0,1,0,0,0,0,0,0
Through the Ages: A Story of Civilization,7.9,120.0,12.0,4.17,0,0,0,0,0,1,0,0
Romance of the Three Kingdoms,5.6,360.0,12.0,2.0,0,0,0,0,0,0,0,1
The Princes of Florence,7.5,75.0,12.0,3.25,0,0,0,0,0,1,0,0
Caylus,7.8,60.0,12.0,3.8,0,0,0,0,0,1,0,0
On Mars,8.3,90.0,14.0,4.64,0,0,0,0,0,1,0,0
Five Tribes,7.8,40.0,13.0,2.86,0,0,0,0,0,1,0,0
Near and Far,7.8,90.0,13.0,2.83,0,0,0,0,0,0,1,0
Tinian: The Forgotten Battle,8.2,120.0,14.0,3.6,0,0,0,0,0,0,0,1
The Last Straw,5.0,15.0,5.0,1.0,0,1,0,0,0,0,0,0
War of the Ring,7.8,120.0,12.0,3.85,0,0,0,0,0,0,1,0
Lorenzo il Magnifico,7.9,60.0,12.0,3.27,0,0,0,0,0,1,0,0
Ticket to Ride: Nordic Countries,7.6,30.0,8.0,1.98,0,0,0,1,0,0,0,0
Sherlock Holmes Consulting Detective: The Thames Murders & Other Cases,7.7,60.0,13.0,2.68,0,0,0,0,0,0,1,0
Castles of Mad King Ludwig,7.6,90.0,13.0,2.66,0,0,0,0,0,1,0,0
World War 3: 1976-1984,5.0,360.0,12.0,3.27,0,0,0,0,0,0,0,1
Welcome To...,7.6,25.0,10.0,1.82,0,0,0,1,0,0,0,0
Tenjo,5.0,360.0,12.0,3.69,0,0,0,0,0,0,0,1
Elixir,6.0,60.0,6.0,1.41,0,0,0,1,0,0,0,0
Rajas of the Ganges,7.7,45.0,12.0,2.87,0,0,0,0,0,1,0,0
T.I.M.E Stories,7.5,90.0,12.0,2.61,0,0,0,0,0,0,1,0
Kanban: Driver's Edition,7.8,90.0,12.0,4.35,0,0,0,0,0,1,0,0
Troyes,7.8,90.0,12.0,3.46,0,0,0,0,0,1,0,0
The Quacks of Quedlinburg,7.8,45.0,10.0,1.94,0,0,0,1,0,0,0,0
Battlestar Galactica: The Board Game,7.7,120.0,14.0,3.24,0,0,0,0,0,0,1,0
Curli Kuller,6.6,20.0,5.0,1.0,0,1,0,0,0,0,0,0
Karo,6.6,20.0,8.0,2.0,1,0,0,0,0,0,0,0
Helios,8.0,60.0,10.0,0.0,1,0,0,0,0,0,0,0
Clans of Caledonia,8.0,30.0,12.0,3.46,0,0,0,0,0,1,0,0
Horrified,7.8,60.0,10.0,2.05,0,0,0,0,0,0,1,0
Coimbra,7.7,60.0,14.0,3.28,0,0,0,0,0,1,0,0
Aeon's End,8.0,60.0,14.0,2.78,0,0,0,0,0,1,0,0
Marco Polo II: In the Service of the Khan,8.2,60.0,12.0,3.4,0,0,0,0,0,1,0,0
Monsters Ravage America,5.8,90.0,10.0,2.19,0,0,0,0,0,0,1,0
Brass: Birmingham,8.7,60.0,14.0,3.91,0,0,0,0,0,1,0,0
Dominant Species,7.8,120.0,14.0,4.04,0,0,0,0,0,1,0,0
Mage Knight Board Game,8.1,60.0,14.0,4.31,0,0,0,0,0,1,0,0
PARKS,7.9,30.0,10.0,2.17,0,0,0,1,0,0,0,0
Ouro de Tolo,6.7,40.0,8.0,1.17,0,0,0,1,0,0,0,0
Root,8.1,60.0,10.0,3.68,0,0,0,0,0,1,0,0
Jaipur,7.5,30.0,12.0,1.49,0,0,0,1,0,0,0,0
Isolate,4.5,45.0,8.0,1.75,1,0,0,0,0,0,0,0
The Lord of the Rings: Journeys in Middle-Earth,8.1,60.0,14.0,2.56,0,0,0,0,0,0,1,0
Code Cracker,6.0,30.0,8.0,1.23,0,0,0,1,0,0,0,0
Watergate,8.0,30.0,12.0,2.25,0,0,0,0,0,1,0,0
Kogworks,6.1,30.0,6.0,1.55,1,0,0,0,0,0,0,0
Pandemic,7.6,45.0,8.0,2.41,0,0,0,1,0,0,0,0
This War of Mine: The Board Game,7.8,45.0,18.0,3.26,0,0,0,0,0,0,1,0
Der Herr der Ringe: Die Gefährten,4.8,60.0,10.0,1.6,0,0,0,1,0,0,0,0
LEGO Racers Super Speedway Game,4.6,30.0,5.0,1.2,0,1,0,0,0,0,0,0
Stone Age,7.6,60.0,10.0,2.48,0,0,0,1,0,0,0,0
History of the Second World War,4.1,360.0,12.0,2.5,0,0,0,0,0,0,0,1
Race for the Galaxy,7.8,30.0,12.0,2.98,0,0,0,0,0,1,0,0
1830: Railways & Robber Barons,7.9,180.0,14.0,4.16,0,0,0,0,0,1,0,0
Pax Pamir: Second Edition,8.4,45.0,13.0,3.79,0,0,0,0,0,1,0,0
Hedbanz for Adults!,5.4,60.0,8.0,1.09,0,0,0,0,1,0,0,0
Russian Railroads,7.8,90.0,12.0,3.41,0,0,0,0,0,1,0,0
Ticket to Ride,7.4,30.0,8.0,1.85,0,0,0,1,0,0,0,0
Inis,7.8,60.0,14.0,2.88,0,0,0,0,0,1,0,0
Gaia Project,8.5,60.0,12.0,4.35,0,0,0,0,0,1,0,0
Eldritch Horror,7.8,120.0,14.0,3.32,0,0,0,0,0,0,1,0
Dead of Winter: A Crossroads Game,7.6,60.0,13.0,3.02,0,0,0,0,0,0,1,0
Sagrada,7.5,30.0,14.0,1.93,1,0,0,0,0,0,0,0
Steam,7.6,90.0,10.0,3.46,0,0,0,0,0,1,0,0
Warfare in the Age of Reason,7.6,180.0,12.0,3.33,0,0,0,0,0,0,0,1
Star Wars: X-Wing Miniatures Game,7.7,30.0,14.0,2.49,0,0,1,0,0,0,0,0
Sushi Go Party!,7.5,20.0,8.0,1.31,0,0,0,1,0,0,0,0
Therapy,5.3,90.0,16.0,1.42,0,0,0,0,1,0,0,0
Ticket to Ride: Europe,7.5,30.0,8.0,1.94,0,0,0,1,0,0,0,0
Cyclades,7.5,60.0,13.0,2.82,0,0,0,0,0,1,0,0
Roll for the Galaxy,7.7,45.0,13.0,2.77,0,0,0,0,0,1,0,0
Spearhead,6.7,120.0,12.0,2.92,0,0,0,0,0,0,0,1
Roll Player,7.5,60.0,10.0,2.39,0,0,0,0,0,1,0,0
Star Realms,7.6,20.0,12.0,1.94,0,0,0,0,0,1,0,0
Tzolk'in: The Mayan Calendar,7.9,90.0,13.0,3.67,0,0,0,0,0,1,0,0
War of the Ring: Second Edition,8.5,150.0,13.0,4.15,0,0,0,0,0,0,1,0
Viticulture Essential Edition,8.1,45.0,13.0,2.9,0,0,0,0,0,1,0,0
Blood Rage,8.0,60.0,14.0,2.88,0,0,0,0,0,1,0,0
Robinson Crusoe: Adventures on the Cursed Island,7.8,60.0,14.0,3.78,0,0,0,0,0,0,1,0
Agricola (Revised Edition),8.0,30.0,12.0,3.5,0,0,0,0,0,1,0,0
Dominion,7.6,30.0,13.0,2.36,0,0,0,0,0,1,0,0
Advance to Boardwalk,5.4,60.0,8.0,1.55,0,0,0,1,0,0,0,0
Splendor,7.4,30.0,10.0,1.8,0,0,0,1,0,0,0,0
Commands & Colors: Ancients,7.8,60.0,12.0,2.69,0,0,0,0,0,0,0,1
Through the Ages: A New Story of Civilization,8.4,120.0,14.0,4.41,0,0,0,0,0,1,0,0
Tainted Grail: The Fall of Avalon,8.4,60.0,14.0,3.29,0,0,0,0,0,0,1,0
Combat Commander: Europe,7.9,60.0,12.0,3.25,0,0,0,0,0,0,0,1
The Gallerist,8.0,60.0,13.0,4.28,0,0,0,0,0,1,0,0
Barrage,8.2,60.0,14.0,4.03,0,0,0,0,0,1,0,0
Android: Netrunner,7.9,45.0,14.0,3.38,0,0,1,0,0,0,0,0
Fields of Arle,8.1,60.0,13.0,3.88,0,0,0,0,0,1,0,0
Arkham Horror: The Card Game,8.2,60.0,14.0,3.44,0,0,1,0,0,0,0,0
Deception: Murder in Hong Kong,7.5,20.0,14.0,1.6,0,0,0,0,1,0,0,0
Secrets of the Tombs,4.9,30.0,8.0,1.76,0,0,0,1,0,0,0,0
Grand Austria Hotel,7.9,60.0,12.0,3.22,0,0,0,0,0,1,0,0
The 7th Continent,8.1,5.0,14.0,2.87,0,0,0,0,0,0,1,0
The Quest for El Dorado,7.6,30.0,10.0,1.92,0,0,0,1,0,0,0,0
Borodino: Doomed Victory,4.3,240.0,12.0,3.2,0,0,0,0,0,0,0,1
Stalingrad,6.2,360.0,12.0,3.0,0,0,0,0,0,0,0,1
Saikoro,6.6,10.0,8.0,1.56,1,0,0,0,0,0,0,0
Eclipse: Second Dawn for the Galaxy,8.8,60.0,14.0,3.47,0,0,0,0,0,1,0,0
Cthulhu: Death May Die,8.2,90.0,14.0,2.41,0,0,0,0,0,0,1,0
Kingdom Death: Monster,8.7,60.0,17.0,4.25,0,0,0,0,0,0,1,0
