Timestamp of Report (GMT),Timestamp of Report (Local Time),Latitude,Longitude,Weather,Number of Photos Added,Ambient Audio (dB),Ambient Audio Description,Number of Steps,"Where are you?","What are you doing?","Who are you with?","How are you feeling?","moodji"
2016-01-02T20:09:08Z,"January 2, 2016 03:09:08pm","43.39077094108182","-79.97800162069497","Overcast","0","-47.85509","Extremely Quiet","-1","Carlisle","Spotify","No one","5",
2016-01-02T22:28:53Z,"January 2, 2016 05:28:53pm","43.39077224027681","-79.97802207253871","Overcast","3","-69.05067","Silence","-1","Carlisle","Nothing","No one","5",
2016-01-03T00:05:58Z,"January 2, 2016 07:05:58pm","43.39082404043841","-79.97808761902151","Overcast","0","-39.91298","Quiet","-1","Carlisle","YouTube","No one","6",
2016-01-03T01:45:59Z,"January 2, 2016 08:45:59pm","43.39069340847748","-79.97792911723253","Mostly Cloudy","0","-49.04035","Extremely Quiet","-1","Carlisle","Bananagrams","Mom,Sunny Humber","6",
2016-01-03T04:58:18Z,"January 2, 2016 11:58:18pm","43.39079168629217","-79.97806616134939","Mostly Cloudy","4","-50.51612","Extremely Quiet","-1","Carlisle","Reading","No one","6",
2016-01-03T04:58:34Z,"January 2, 2016 11:58:34pm","43.39079168629217","-79.97806616134939","Mostly Cloudy","0","-59.92262","Silence","-1",,,,,
2016-01-03T15:36:40Z,"January 3, 2016 10:36:40am","43.39080798909384","-79.97811712332067","Overcast","0","-64.31211","Silence","-1",,,,,
2016-01-03T17:36:22Z,"January 3, 2016 12:36:22pm","43.41820620935729","-80.4122713767741","Light Snow","1","-24.36023","Loud","-1","Waterloo","Moving","Dad,Mom","5",
2016-01-03T19:52:29Z,"January 3, 2016 02:52:29pm","43.46562133640374","-80.54252045236578","Light Snow","2","-48.59374","Extremely Quiet","-1","Velocity","Moving","No one","5",
2016-01-03T22:34:07Z,"January 3, 2016 05:34:07pm","43.46573618405743","-80.54262083483232","Partly Cloudy","1","-49.73611","Extremely Quiet","-1","Velocity","Moving","No one","6",
2016-01-04T02:02:01Z,"January 3, 2016 09:02:01pm","43.46554950349356","-80.54244082428565","Overcast","9","-48.922","Extremely Quiet","-1","Velocity","Reddit","No one","4",
2016-01-04T05:48:51Z,"January 4, 2016 12:48:51am","43.46573519877815","-80.54259111885466","Overcast","0","-55.80477","Silence","-1",,,,,
2016-01-04T13:08:25Z,"January 4, 2016 08:08:25am","43.4657468079517","-80.54258968878578","Clear","0","-68.32897","Silence","-1",,,,,
2016-01-04T15:42:41Z,"January 4, 2016 10:42:41am","43.46574692883351","-80.54260243795672","Clear","0","-53.98225","Extremely Quiet","-1","Velocity","Calendar","No one","5",
2016-01-04T18:53:29Z,"January 4, 2016 01:53:29pm","43.46574512084194","-80.54260437015722","Clear","0","-63.5866","Silence","-1","Velocity","Overcast","No one","7",
2016-01-05T02:54:51Z,"January 4, 2016 09:54:51pm","43.45142602586542","-80.4981289254725","Clear","6","-41.45303","Quiet","-1","Velocity Garage","Uber","Drake William","6",
2016-01-05T13:15:14Z,"January 5, 2016 08:15:14am","43.4658884257483","-80.54240670993974","Light Snow","1","-60.422","Silence","-1","Velocity","Sleep","No one","4",
2016-01-05T16:19:51Z,"January 5, 2016 11:19:51am","43.46405689608628","-80.54262774072637","Clear","1","-53.72619","Extremely Quiet","-1","Velocity","Haskell","No one","5",
2016-01-05T17:27:32Z,"January 5, 2016 12:27:32pm","43.46577141438002","-80.54255188450267","Clear","2","-57.84742","Silence","-1","Velocity","Xcode","No one","5",
2016-01-05T20:55:04Z,"January 5, 2016 03:55:04pm","43.46574685540373","-80.54241802550902","Partly Cloudy","0","-68.10754","Silence","-1","Velocity","Facebook,Eating","No one","5",
2016-01-06T01:28:10Z,"January 5, 2016 08:28:10pm","43.46576839689488","-80.54259312346628","Clear","1","-43.33389","Quiet","-1","Velocity","Larry Smith","Residence","6",
2016-01-06T05:15:32Z,"January 6, 2016 12:15:32am","43.46574158900234","-80.54260536844542","Clear","2","-58.79159","Silence","-1",,,,,
2016-01-06T13:44:30Z,"January 6, 2016 08:44:30am","43.46574307066664","-80.54258388102137","Clear","0","-15.89627","Loud","-1",,,,,
2016-01-06T18:25:38Z,"January 6, 2016 01:25:38pm","43.46578574743445","-80.54210253067365","Clear","0","-68.01284","Silence","-1","Velocity","Facebook","No one","6",
2016-01-06T22:50:40Z,"January 6, 2016 05:50:40pm","43.46573373717359","-80.54257774477115","Mostly Cloudy","1","-53.1322","Extremely Quiet","-1","Velocity","ProductHunt,Eating","No one","5",
2016-01-07T00:19:01Z,"January 6, 2016 07:19:01pm","43.46578642300872","-80.54262257392764","Overcast","0","-47.41577","Extremely Quiet","-1","Velocity","Pitching","Residence","6",
2016-01-07T05:07:39Z,"January 7, 2016 12:07:39am","43.46575216839064","-80.54261812866089","Mostly Cloudy","2","-57.82827","Silence","-1","Molly Blooms","Drinking","Adam Wendland,Harrison,Mark Williamson","7",
2016-01-07T05:19:27Z,"January 7, 2016 12:19:27am","43.4657517545077","-80.54261112735375","Mostly Cloudy","1","-67.96184","Silence","-1",,,,,
2016-01-07T13:47:30Z,"January 7, 2016 08:47:30am","43.46574289236786","-80.54259773219967","Overcast","0","-64.55389","Silence","-1",,,,,
2016-01-07T16:32:54Z,"January 7, 2016 11:32:54am","43.4674358004412","-80.54324202215788","Mostly Cloudy","0","-52.29523","Extremely Quiet","-1","EV1 Courtyard","Reading","No one","5",
2016-01-07T21:08:04Z,"January 7, 2016 04:08:04pm","43.46573915076579","-80.54259866236447","Clear","0","-58.76816","Silence","-1","Velocity","Overcast,Gmail","No one","5",
2016-01-08T03:33:12Z,"January 7, 2016 10:33:12pm","43.46574594111829","-80.54259312030955","Scattered Clouds","0","-44.65987","Quiet","-1","Velocity","Reading,Texting","No one","6",
2016-01-08T04:45:44Z,"January 7, 2016 11:45:44pm","43.46574751904053","-80.54258723733977","Scattered Clouds","0","-63.13805","Silence","-1",,,,,
2016-01-08T13:47:51Z,"January 8, 2016 08:47:51am","43.46573704694489","-80.54258439403665","Overcast","0","-60.81834","Silence","-1",,,,,
2016-01-08T18:29:20Z,"January 8, 2016 01:29:20pm","43.4657454372385","-80.54260440715987","Partly Cloudy","0","-63.72654","Silence","-1","Velocity","Showering","No one","6",
2016-01-08T23:15:24Z,"January 8, 2016 06:15:24pm","43.46574472236597","-80.54260156265342","Overcast","1","-57.53001","Silence","-1","Velocity","SoundCloud,Jobmine","No one","5",
2016-01-09T04:28:47Z,"January 8, 2016 11:28:47pm","43.46578228202272","-80.54262874580945","Light Rain","2","-38.38791","Quiet","-1","Velocity Great Hall","Xcode","Residence","7",
2016-01-09T06:31:45Z,"January 9, 2016 01:31:45am","43.46574714349987","-80.5425932881263","Rain","0","-64.4358","Silence","-1",,,,,
2016-01-09T11:25:35Z,"January 9, 2016 06:25:35am","43.46574237055643","-80.54257399757991","Light Rain","3","-57.31484","Silence","-1",,,,,
2016-01-09T13:34:46Z,"January 9, 2016 08:34:46am","43.46575042851191","-80.5426082998861","Light Rain","2","-53.88597","Extremely Quiet","-1","Velocity","Dots","No one","3",
2016-01-09T16:24:21Z,"January 9, 2016 11:24:21am","43.46592439788016","-80.54261683553517","Overcast","1","-44.82838","Quiet","-1","Velocity War Room","Xcode","David Moscoe","4",
2016-01-09T18:43:17Z,"January 9, 2016 01:43:17pm","43.46587088657793","-80.5426266159825","Overcast","0","-61.1119","Silence","-1","Velocity Makerspace","Xcode","No one","4",
2016-01-10T00:25:12Z,"January 9, 2016 07:25:12pm","43.46576899375702","-80.54264296202723","Overcast","1","-30.96772","Moderate","-1","Velocity Great Hall","Pitching","Residence","5",
2016-01-10T04:18:02Z,"January 9, 2016 11:18:02pm","43.46574407009732","-80.54258495508614","Overcast","1","-38.31549","Quiet","-1","Velocity","Resting","No one","6",
2016-01-10T16:31:48Z,"January 10, 2016 11:31:48am","43.00752970859688","-81.25690846711514","Light Rain","1","-56.48699","Silence","-1","Annie's","Fucking","Annie Zhang","8",
2016-01-10T20:13:59Z,"January 10, 2016 03:13:59pm","43.00784302413744","-81.25705598861096","Light Snow","0","-57.59213","Silence","-1","Annie's","Fucking","Annie Zhang","8.5",
2016-01-10T23:06:21Z,"January 10, 2016 06:06:21pm","43.00768814066437","-81.25658306934297","Light Snow","0","-58.88052","Silence","-1","Annie's","Chilling","Annie Zhang","8",
2016-01-11T14:17:36Z,"January 11, 2016 09:17:36am","43.00804678820354","-81.25666731976089","Light Snow Showers","0","-63.20739","Silence","-1","Annie's","Showering","Annie Zhang","6",
2016-01-11T17:58:23Z,"January 11, 2016 12:58:23pm","43.00847647836124","-81.27608996978419","Light Snow Showers","1","-39.40169","Quiet","-1","The Spoke","Eating","Annie Zhang","5",
2016-01-11T20:55:29Z,"January 11, 2016 03:55:29pm","43.00690722655785","-81.2706915848714","Light Snow Showers","3","-50.09416","Extremely Quiet","-1","UWO Music Library","Reading","No one","5",
2016-01-12T01:02:41Z,"January 11, 2016 08:02:41pm","43.46574434889678","-80.54259223221139","Mostly Cloudy","0","-47.97817","Extremely Quiet","-1","Velocity","Spotify","No one","4",
2016-01-12T02:59:41Z,"January 11, 2016 09:59:41pm","43.46574628486848","-80.54260655620281","Mostly Cloudy","0","-53.28261","Extremely Quiet","-1","Velocity","Reading","No one","5",
2016-01-12T13:27:57Z,"January 12, 2016 08:27:57am","43.46567619595999","-80.54218182347765","Light Snow","0","-58.60023","Silence","-1","Velocity","Reddit","No one","5",
2016-01-12T19:59:53Z,"January 12, 2016 02:59:53pm","43.47020320341117","-80.54089896970713","Light Snow","5","-52.64396","Extremely Quiet","-1","J.R. Coutts Engineering Lecture Hall (RCH)","271","Emma Feher,Steve Collins","5",
2016-01-13T01:08:55Z,"January 12, 2016 08:08:55pm","43.46576225671525","-80.54262387052368","Light Snow","4","-42.88438","Quiet","-1","Velocity Great Hall","Learning","Residence","6",
2016-01-13T03:58:02Z,"January 12, 2016 10:58:02pm","43.46570414960707","-80.54254283204725","Light Snow","3","-53.92035","Extremely Quiet","-1","MH-204","Xcode","No one","6",
2016-01-13T04:43:13Z,"January 12, 2016 11:43:13pm","43.46574415102202","-80.5425986167371","Light Snow","0","-57.70988","Silence","-1",,,,,
2016-01-13T12:06:41Z,"January 13, 2016 07:06:41am","43.46574579439392","-80.54258855162558","Light Snow","0","-55.92836","Silence","-1",,,,,
2016-01-13T16:53:44Z,"January 13, 2016 11:53:44am","43.46589387398536","-80.54260779179683","Light Snow","1","-47.81006","Extremely Quiet","-1","MH-204","Installing","No one","5",
2016-01-13T19:16:04Z,"January 13, 2016 02:16:04pm","43.46840938033554","-80.54244389590711","Light Snow","1","-51.92485","Extremely Quiet","-1","EV1 Courtyard","Reading","No one","5",
2016-01-14T01:01:15Z,"January 13, 2016 08:01:15pm","43.46588635006602","-80.54262143335359","Light Snow","0","-40.31686","Quiet","-1","Velocity War Room","R","Ben Caunter,Matt,Steph Assad","6",
2016-01-14T04:01:32Z,"January 13, 2016 11:01:32pm","43.46575058860907","-80.54259399133167","Light Snow","2","-57.07991","Silence","-1","MH-204","Pocket Mortys","No one","7",
2016-01-14T19:13:24Z,"January 14, 2016 02:13:24pm","43.46568541605348","-80.54239011377146","Overcast","0","-64.22845","Silence","-1","MH-204","Reading","No one","5",
2016-01-14T21:07:24Z,"January 14, 2016 04:07:24pm","43.46575456342024","-80.54260205565625","Overcast","0","-60.85915","Silence","-1","Velocity","Cooking","No one","5",
2016-01-14T22:15:33Z,"January 14, 2016 05:15:33pm","43.46514352601344","-80.54222599610736","Overcast","0","-53.34349","Extremely Quiet","-1","MH-204","Reading,375","No one","5",
2016-01-15T03:33:24Z,"January 14, 2016 10:33:24pm","43.46573889259572","-80.54252204492738","Overcast","0","-56.91112","Silence","-1","MH-204","Facebook","Annie Zhang","7",
2016-01-15T18:33:40Z,"January 15, 2016 01:33:40pm","43.46605501607383","-80.54238164804926","Overcast","0","-58.40721","Silence","-1","MH-204","#fuckjeff","No one","3",
2016-01-15T21:28:39Z,"January 15, 2016 04:28:39pm","43.46579150665144","-80.54262234584245","Overcast","0","-52.63139","Extremely Quiet","-1","Velocity Great Hall","Xcode","Annie Zhang","6",
2016-01-16T00:58:57Z,"January 15, 2016 07:58:57pm","43.46573682181803","-80.54257212030052","Light Rain","0","-49.37083","Extremely Quiet","-1","MH-204","Cuddling","Annie Zhang","7",
2016-01-16T03:14:54Z,"January 15, 2016 10:14:54pm","43.46786286685938","-80.52232073627461","Light Rain","0","-28.68587","Moderate","-1","Thugz Island","Drinking","Sharva Hassamal,Dexter Shepherd,Dan Schissler,Annie Zhang","7.5",
2016-01-16T14:54:13Z,"January 16, 2016 09:54:13am","43.46574442019286","-80.54258055150234","Overcast","1","-43.19334","Quiet","-1","MH-204","Reddit","No one","5",
2016-01-16T21:22:10Z,"January 16, 2016 04:22:10pm","43.63861531180729","-79.41150744890014","Overcast","0","-41.64896","Quiet","-1","Liberty Village","Eating","Ben Caunter","6",
2016-01-16T22:20:14Z,"January 16, 2016 05:20:14pm","43.63861038014441","-79.41198027710227","Overcast","2","-45.73499","Extremely Quiet","-1","Liberty Village","Drinking","Ben Caunter","6",
2016-01-17T00:26:52Z,"January 16, 2016 07:26:52pm","43.65729790184987","-79.40371384851579","Overcast","1","-45.71075","Extremely Quiet","-1","The Planet Traveler","Drinking","Ben Caunter","7.5",
2016-01-17T01:43:07Z,"January 16, 2016 08:43:07pm","43.63972436308908","-79.37508124510224","Partly Cloudy","2","-39.47835","Quiet","-1","Ryan's","Drinking","Ben Caunter,Ryan DeCaire","8",
2016-01-17T06:38:36Z,"January 17, 2016 01:38:36am","43.6570875998993","-79.403576972037","Overcast","1","-49.38376","Extremely Quiet","-1","The Planet Traveler","Sleep","Ben Caunter","7",
2016-01-17T17:34:48Z,"January 17, 2016 12:34:48pm","43.46574741892022","-80.54259398669737","Light Snow","1","-60.61765","Silence","-1","MH-204","Xcode","No one","5.5",
2016-01-17T20:01:34Z,"January 17, 2016 03:01:34pm","43.4657458212097","-80.54258677545036","Light Snow","0","-57.66194","Silence","-1","MH-204","Facebook,TeuxDeux","No one","5",
2016-01-18T03:58:56Z,"January 17, 2016 10:58:56pm","43.46577471816712","-80.54261712431706","Light Snow","0","-39.9607","Quiet","-1","Velocity Great Hall","Xcode","Alexander,Matt,David Moscoe,Matty","6",
2016-01-18T05:14:44Z,"January 18, 2016 12:14:44am","43.46574668073517","-80.54257925203862","Light Snow","0","-61.41247","Silence","-1",,,,,
2016-01-18T13:29:10Z,"January 18, 2016 08:29:10am","43.46574982506423","-80.54258354851837","Overcast","0","-31.64997","Moderate","-1",,,,,
2016-01-18T16:11:23Z,"January 18, 2016 11:11:23am","43.46825447397685","-80.54276157671033","Snow","0","-32.91383","Moderate","-1","Environment 1 (EV1)","375","Emma Feher,Dexter Shepherd,Sharva Hassamal","5",
2016-01-18T19:34:17Z,"January 18, 2016 02:34:17pm","43.46579878129388","-80.54268574349632","Heavy Snow","0","-50.60841","Extremely Quiet","-1","MH-204","Jobmine","No one","5",
2016-01-18T23:49:15Z,"January 18, 2016 06:49:15pm","43.46571089703912","-80.5427522958075","Light Snow","1","-45.83676","Extremely Quiet","-1","Velocity Great Hall","Xcode","David Moscoe","5",
2016-01-19T04:11:33Z,"January 18, 2016 11:11:33pm","43.4657487868447","-80.5425777817762","Light Snow","0","-54.80204","Extremely Quiet","-1","MH-204","Phone","No one","5.5",
2016-01-19T04:57:03Z,"January 18, 2016 11:57:03pm","43.46574771866094","-80.5425973107272","Light Snow","0","-58.14425","Silence","-1",,,,,
2016-01-19T18:08:30Z,"January 19, 2016 01:08:30pm","43.46574458969636","-80.54257004997859","Light Snow","0","-52.47924","Extremely Quiet","-1",,,,,
2016-01-19T19:55:36Z,"January 19, 2016 02:55:36pm","43.47019909379571","-80.5409265113575","Light Snow","0","-50.29534","Extremely Quiet","-1","J.R. Coutts Engineering Lecture Hall (RCH)","271","Steve Collins","5",
2016-01-19T21:48:18Z,"January 19, 2016 04:48:18pm","43.46574790606813","-80.54258472161992","Light Snow","0","-43.21542","Quiet","-1","MH-204","Facebook","No one","5.5",
2016-01-20T02:16:50Z,"January 19, 2016 09:16:50pm","43.46577342647243","-80.54260971301741","Light Snow","0","-45.89706","Extremely Quiet","-1","Velocity Great Hall","B99","No one","7",
2016-01-20T03:10:34Z,"January 19, 2016 10:10:34pm","43.4658979924689","-80.54262432147327","Light Snow","0","-45.26415","Extremely Quiet","-1","Velocity Makerspace","Xcode","Allen Gao,Matt Sourgoutsidis,David Moscoe,Alexander Mistakidis,Matt Yang","6",
2016-01-20T14:12:56Z,"January 20, 2016 09:12:56am","43.46574616555395","-80.54261348981645","Overcast","0","-54.94181","Extremely Quiet","-1","Velocity","Showering","No one","5",
2016-01-20T18:50:14Z,"January 20, 2016 01:50:14pm","43.46574747541369","-80.54257519555613","Mostly Cloudy","0","-60.66833","Silence","-1","MH-204","Xcode","No one","5",
2016-01-20T22:46:07Z,"January 20, 2016 05:46:07pm","43.46574651255231","-80.54257639491712","Light Snow","0","-53.85112","Extremely Quiet","-1","MH-204","Reddit","No one","4",
2016-01-20T23:14:58Z,"January 20, 2016 06:14:58pm","43.46574430944679","-80.54256761808954","Light Snow","0","-54.10455","Extremely Quiet","-1","MH-204","R","No one","5",
2016-01-21T03:58:57Z,"January 20, 2016 10:58:57pm","43.46574422099219","-80.54257546491644","Partly Cloudy","0","-46.83062","Extremely Quiet","-1","MH-204","YouTube","No one","5",
2016-01-21T04:09:42Z,"January 20, 2016 11:09:42pm","43.46574350399016","-80.54255756620823","Partly Cloudy","0","-53.33058","Extremely Quiet","-1","MH-204","Dots","No one","5",
2016-01-21T14:41:21Z,"January 21, 2016 09:41:21am","43.46572489481742","-80.54233085371604","Light Snow","0","-54.2285","Extremely Quiet","-1","MH-204","X","No one","5",
2016-01-21T23:08:14Z,"January 21, 2016 06:08:14pm","43.47194052688403","-80.54209780976676","Light Snow","0","-42.69864","Quiet","-1","Davis Centre (DC)","Commuting","No one","5",
2016-01-22T01:32:54Z,"January 21, 2016 08:32:54pm","43.39074659165311","-79.97798435397443","Light Snow Showers","2","-63.97767","Silence","-1","Carlisle","YouTube","Mom","6",
2016-01-22T14:21:06Z,"January 22, 2016 09:21:06am","43.39075604229723","-79.97839366315861","Mostly Cloudy","0","-69.80528","Silence","-1","Carlisle","Facebook","No one","5",
2016-01-22T18:24:58Z,"January 22, 2016 01:24:58pm","43.31804062122139","-79.91129775298715","Mostly Cloudy","0","-41.97766","Quiet","-1","Starbucks","Reading","No one","5",
2016-01-23T03:22:10Z,"January 22, 2016 10:22:10pm","43.6480207699463","-79.39212462177474","Partly Cloudy","7","-49.20947","Extremely Quiet","-1","AirBnB","Sick","Annie Zhang","7",
2016-01-23T04:53:18Z,"January 22, 2016 11:53:18pm","43.64803659092286","-79.39242135016434","Clear","0","-60.84653","Silence","-1","AirBnB","Fucking","Annie Zhang","8",
2016-01-23T15:48:02Z,"January 23, 2016 10:48:02am","43.64784858084179","-79.39234436894316","Clear","4","-51.1535","Extremely Quiet","-1","AirBnB","Cuddling","Annie Zhang","6.5",
2016-01-23T20:24:25Z,"January 23, 2016 03:24:25pm","43.53957939431401","-79.71435011371943","Partly Cloudy","4","-22.45101","Loud","-1","GO Bus","Exploding Kittens","Annie Zhang","6.5",
2016-01-24T02:15:53Z,"January 23, 2016 09:15:53pm","43.465751167431","-80.54261108024511","Clear","3","-160","Silence","-1","MH-204","Cuddling","Annie Zhang","7.5",
2016-01-24T17:08:59Z,"January 24, 2016 12:08:59pm","43.46581961032326","-80.54163725122859","Overcast","0","-63.86912","Silence","-1","MH-204","Exploding Kittens","Annie Zhang","7",
2016-01-24T20:44:33Z,"January 24, 2016 03:44:33pm","43.46533878244782","-80.54289378233304","Overcast","0","-37.48174","Quiet","-1","MH-204","Xcode","No one","6.5",
2016-01-24T21:39:12Z,"January 24, 2016 04:39:12pm","43.46584936607952","-80.54265280261686","Overcast","0","-36.67974","Quiet","-1","MH-204","YouTube","No one","6.5",
2016-01-25T03:21:51Z,"January 24, 2016 10:21:51pm","43.46793583175459","-80.52238018553064","Overcast","1","-54.21978","Extremely Quiet","-1","Thugz Island","YouTube","Sharva Hassamal,Dexter Shepherd,Alex Manore,Dan Schissler,Mike Gucciardi","7.5",
2016-01-25T04:59:11Z,"January 24, 2016 11:59:11pm","43.46574596713265","-80.5425775377108","Overcast","0","-59.27607","Silence","-1","MH-204","Dots","No one","6",
2016-01-25T16:52:32Z,"January 25, 2016 11:52:32am","43.46396789928362","-80.52345475349044","Clear","0","-28.23959","Moderate","-1","Bob's Valu-Mart","Shopping","No one","5",
2016-01-25T22:23:18Z,"January 25, 2016 05:23:18pm","43.46772763787942","-80.54413318094015","Clear","3","-49.13425","Extremely Quiet","-1","Velocity","Reading","No one","5",
2016-01-25T22:32:08Z,"January 25, 2016 05:32:08pm","43.46577951299322","-80.54258752715788","Clear","1","-59.66309","Silence","-1","Velocity","Cooking","No one","6",
2016-01-26T03:57:53Z,"January 25, 2016 10:57:53pm","43.46575320005781","-80.54260836524755","Overcast","1","-60.26396","Silence","-1",,,,,
2016-01-26T13:40:38Z,"January 26, 2016 08:40:38am","43.4657568423461","-80.54261606509716","Overcast","0","-42.12782","Quiet","-1",,,,,
2016-01-26T17:37:50Z,"January 26, 2016 12:37:50pm","43.46575511076323","-80.5426269212746","Overcast","0","-58.1213","Silence","-1","MH-204","Reddit","No one","6",
2016-01-26T19:18:13Z,"January 26, 2016 02:18:13pm","43.46771633859709","-80.54303011660119","Light Rain","0","-46.73","Extremely Quiet","-1","J.R. Coutts Engineering Lecture Hall (RCH)","271","Steve Collins","5.5",
2016-01-26T23:21:16Z,"January 26, 2016 06:21:16pm","43.46981676325101","-80.54404650827293","Light Rain","2","-48.96106","Extremely Quiet","-1","Bomber","Eating","Sasha Corrent,Lana,Mark Williamson","6.5",
2016-01-27T02:30:05Z,"January 26, 2016 09:30:05pm","43.46586778985291","-80.542640594204","Light Rain","0","-53.77381","Extremely Quiet","-1","Velocity Great Hall","B99","Allen Gao,Alexander Mistakidis,Matt Sourgoutsidis","7",
2016-01-27T17:41:25Z,"January 27, 2016 12:41:25pm","43.46574637459605","-80.54260371064292","Scattered Clouds","2","-17.76849","Loud","-1","Velocity Makerspace","375","Emma Feher","6",
2016-01-27T18:54:11Z,"January 27, 2016 01:54:11pm","43.46842747376576","-80.54288263580436","Mostly Cloudy","0","-47.18157","Extremely Quiet","-1","Environment 1 (EV1)","Reading","No one","6",
2016-01-27T23:16:59Z,"January 27, 2016 06:16:59pm","43.46580427504864","-80.54262600204385","Overcast","1","-41.54396","Quiet","-1","Velocity Great Hall","Xcode","No one","6.5",
2016-01-28T14:15:35Z,"January 28, 2016 09:15:35am","43.46574511853973","-80.54257844124622","Light Snow","0","-49.55318","Extremely Quiet","-1","MH-204","Twitter","No one","5",
2016-01-28T20:07:20Z,"January 28, 2016 03:07:20pm","43.47019650426117","-80.54087428816072","Light Snow","0","-41.73315","Quiet","-1","J.R. Coutts Engineering Lecture Hall (RCH)","271","Steve Collins","4",
2016-01-29T02:32:51Z,"January 28, 2016 09:32:51pm","43.48769806804013","-80.52622105319985","Light Snow","1","-33.67133","Moderate","-1","East Side Mario's","Velocity","Residence","7",
2016-01-29T06:26:59Z,"January 29, 2016 01:26:59am","43.46574877703056","-80.54259340256662","Light Snow","0","-41.31459","Quiet","-1",,,,,
2016-01-29T14:18:48Z,"January 29, 2016 09:18:48am","43.46575694447049","-80.54260343900152","Scattered Clouds","0","-59.00846","Silence","-1",,,,,
2016-01-29T14:18:52Z,"January 29, 2016 09:18:52am","43.46575694447049","-80.54260343900152","Scattered Clouds","0","-58.20688","Silence","-1","MH-204","Bed","No one","6",
2016-01-29T18:39:53Z,"January 29, 2016 01:39:53pm","43.46581748592883","-80.54257926707909","Light Snow","0","-65.17696","Silence","-1","Velocity Makerspace","375","Emma Feher","6",
2016-01-29T22:02:36Z,"January 29, 2016 05:02:36pm","43.46575472693248","-80.54260267772962","Light Snow","0","-48.72857","Extremely Quiet","-1","MH-204","Xcode","No one","6",
2016-01-30T00:51:19Z,"January 29, 2016 07:51:19pm","43.46656769901411","-80.51382140923253","Partly Cloudy","0","-40.30288","Quiet","-1","Ben's","Drinking","Ben Caunter,Myles","7",
2016-01-30T14:15:58Z,"January 30, 2016 09:15:58am","43.46576100225722","-80.54262642410087","Mostly Cloudy","4","-64.25789","Silence","-1","MH-204","Bed","No one","6",
2016-01-30T17:35:31Z,"January 30, 2016 12:35:31pm","43.46578560642526","-80.5426157042042","Mostly Cloudy","1","-47.1564","Extremely Quiet","-1","Velocity","Cooking","No one","6",
2016-01-30T19:23:22Z,"January 30, 2016 02:23:22pm","43.46575175257746","-80.54258532445976","Mostly Cloudy","0","-49.43389","Extremely Quiet","-1","MH-204","Reddit","No one","5.5",
2016-01-31T13:48:43Z,"January 31, 2016 08:48:43am","43.46574631820682","-80.54262664319141","Overcast","2","-53.85327","Extremely Quiet","-1","MH-204","Cuddling","Annie Zhang","6.5",
2016-02-01T02:02:24Z,"January 31, 2016 09:02:24pm","43.46574912500579","-80.54259840374662","Light Rain","1","-42.47351","Quiet","-1","MH-204","Xcode","No one","6.5",
2016-02-01T02:33:14Z,"January 31, 2016 09:33:14pm","43.4657539370023","-80.54261358247958","Light Rain","0","-51.66841","Extremely Quiet","-1","MH-204","Xcode","No one","7",
2016-02-01T02:38:57Z,"January 31, 2016 09:38:57pm","43.46574974917976","-80.54260118649422","Light Rain","0","-56.64606","Silence","-1","MH-204","Xcode","No one","7",
2016-02-01T13:35:47Z,"February 1, 2016 08:35:47am","43.46575359669438","-80.54260237455097","Mostly Cloudy","2","-60.10327","Silence","-1","MH-204","Goodreads","No one","5",
2016-02-01T14:49:00Z,"February 1, 2016 09:49:00am","43.46833320221181","-80.54285980897515","Mostly Cloudy","1","-58.02895","Silence","-1","Environment 1 (EV1)","375","Emma Feher,Dexter Shepherd,Sharva Hassamal","5",
2016-02-01T21:07:18Z,"February 1, 2016 04:07:18pm","43.47148751369674","-80.53905525983966","Partly Cloudy","1","-37.01258","Quiet","-1",,"Walking","No one","5.5",
2016-02-01T23:35:55Z,"February 1, 2016 06:35:55pm","43.46575232972261","-80.54262831582176","Clear","0","-49.59544","Extremely Quiet","-1","MH-204","YouTube","No one","5",
2016-02-02T00:10:53Z,"February 1, 2016 07:10:53pm","43.46588626581767","-80.54256588190557","Clear","0","-60.27915","Silence","-1","Velocity","SoundCloud","No one","5.5",
2016-02-02T15:38:40Z,"February 2, 2016 10:38:40am","43.46574234189235","-80.54253750725827","Overcast","0","-48.62205","Extremely Quiet","-1","MH-204","Studying","No one","4.5",
2016-02-02T23:37:34Z,"February 2, 2016 06:37:34pm","43.46575737849511","-80.54260699865374","Overcast","2","-57.01242","Silence","-1","MH-204","Napping","No one","6",
2016-02-03T00:37:16Z,"February 2, 2016 07:37:16pm","43.4657993279427","-80.54261968310986","Overcast","1","-50.42624","Extremely Quiet","-1","Velocity Great Hall","Xcode","Alexander Mistakidis,Matt Sourgoutsidis","3",
2016-02-03T14:30:09Z,"February 3, 2016 09:30:09am","43.46574364800035","-80.54255669697392","Overcast","2","-57.59628","Silence","-1","MH-204","Facebook","No one","5",
2016-02-03T17:10:09Z,"February 3, 2016 12:10:09pm","43.46574977657583","-80.54259686271293","Overcast","1","-55.57128","Silence","-1","MH-204","Jobmine","No one","6",
2016-02-03T20:27:19Z,"February 3, 2016 03:27:19pm","43.47082962329252","-80.5441654885343","Clear","3","-40.01857","Quiet","-1","Quantum Nano Centre (QNC)","Swimming","No one","6.5",
2016-02-04T01:12:57Z,"February 3, 2016 08:12:57pm","43.47446977630581","-80.53467800848236","Overcast","0","-51.6184","Extremely Quiet","-1","The Ranch","Drinking","Dan Schissler,Mark Williamson","7",
2016-02-04T17:36:10Z,"February 4, 2016 12:36:10pm","43.49796731624009","-80.52635740923465","Scattered Clouds","8","-43.70866","Quiet","-1","Conestoga Mall","Haircut","No one","4",
2016-02-04T22:08:38Z,"February 4, 2016 05:08:38pm","43.46574911720032","-80.54257955200755","Overcast","1","-63.55859","Silence","-1","MH-204","Resting","No one","5",
2016-02-04T23:51:32Z,"February 4, 2016 06:51:32pm","43.46574808503553","-80.54256584247227","Overcast","2","-58.12086","Silence","-1","MH-204","Xcode","No one","6",
2016-02-05T13:38:41Z,"February 5, 2016 08:38:41am","43.46575226371601","-80.54259769022302","Overcast","0","-47.59029","Extremely Quiet","-1","MH-204","Resting","No one","3",
2016-02-05T16:08:28Z,"February 5, 2016 11:08:28am","43.46574832478068","-80.5425778238296","Mostly Cloudy","0","-42.346","Quiet","-1","MH-204","Dots","No one","7",
2016-02-05T19:20:19Z,"February 5, 2016 02:20:19pm","43.46575221542011","-80.54261482603243","Partly Cloudy","2","-57.27475","Silence","-1","MH-204","Cleaning","No one","6.5",
2016-02-06T01:32:41Z,"February 5, 2016 08:32:41pm","43.46789804629871","-80.52260739219747","Overcast","5","-48.94698","Extremely Quiet","-1","Thugz Island","Drinking","Dan Schissler,Sharva Hassamal,Alex Manore","7",
2016-02-06T03:27:50Z,"February 5, 2016 10:27:50pm","43.46789071025692","-80.52246453406499","Light Snow","1","-36.19276","Quiet","-1","Thugz Island","Partying","Dan,Alex Manore,Everyone,Vicky,Dan Schissler,Mike Gucciardi,Anja,Sharva Hassamal,Adam Wendland","7.5",
2016-02-06T17:21:14Z,"February 6, 2016 12:21:14pm","43.47148866862382","-80.06309160038835","Clear","1","-25.09083","Moderate","-1","GO Bus","Bus","No one","5",
2016-02-06T19:09:08Z,"February 6, 2016 02:09:08pm","43.63410069145601","-79.46937642067621","Mostly Cloudy","1","-26.26302","Moderate","-1","GO Bus","Bus","No one","2",
2016-02-07T03:18:28Z,"February 6, 2016 10:18:28pm","43.64928151013669","-79.38171639752295","Overcast","5","-60.16024","Silence","-1","Toronto Region Board of Trade","Nspire","Annie Zhang","6",
2016-02-07T05:29:47Z,"February 7, 2016 12:29:47am","43.6490851638946","-79.38541511877132","Partly Cloudy","1","-15.77992","Loud","-1","The Merchant, A Traveller's Tavern","Nspire","Annie Zhang","7",
2016-02-07T16:32:57Z,"February 7, 2016 11:32:57am","43.65944843469352","-79.38230029391694","Clear","0","-36.07825","Quiet","-1","Starbucks","Exploding Kittens","Annie Zhang","7.5",
2016-02-07T20:08:08Z,"February 7, 2016 03:08:08pm","43.4657633733384","-80.54260284038402","Overcast","10","-51.35962","Extremely Quiet","-1","MH-204","Facebook","No one","6",
2016-02-07T22:55:55Z,"February 7, 2016 05:55:55pm","43.46575965190672","-80.54261386021577","Overcast","0","-54.72188","Extremely Quiet","-1","Velocity Great Hall","Superbowl","David Moscoe","6",
2016-02-08T03:31:04Z,"February 7, 2016 10:31:04pm","43.46575276983988","-80.54261532655551","Overcast","0","-47.74419","Extremely Quiet","-1","MH-204","Nothing","No one","4",
2016-02-08T15:17:18Z,"February 8, 2016 10:17:18am","43.46839160636684","-80.54293031299188","Overcast","2","-54.07559","Extremely Quiet","-1","Environment 1 (EV1)","375","Emma Feher,Sharva Hassamal","5",
2016-02-08T23:13:40Z,"February 8, 2016 06:13:40pm","43.46574874971439","-80.54258660422994","Light Rain","5","-62.61446","Silence","-1","MH-204","Cooking","No one","5",
2016-02-09T00:23:34Z,"February 8, 2016 07:23:34pm","43.46575560611946","-80.54263185790262","Light Rain","2","-36.35564","Quiet","-1","Velocity Great Hall","Dinner","Residence","6",
2016-02-09T02:56:48Z,"February 8, 2016 09:56:48pm","43.4657543651531","-80.54260535956783","Light Snow","0","-61.87159","Silence","-1","MH-204","Reading","No one","5",
2016-02-09T03:40:23Z,"February 8, 2016 10:40:23pm","43.4657522776788","-80.54258379376581","Light Snow","0","-54.31785","Extremely Quiet","-1","MH-204","Reading","No one","5",
2016-02-09T16:53:55Z,"February 9, 2016 11:53:55am","43.46575442048609","-80.54255462128617","Light Rain","2","-44.43789","Quiet","-1","MH-204","R","No one","5.5",
2016-02-09T22:10:12Z,"February 9, 2016 05:10:12pm","43.46772375998365","-80.52276546180823","Overcast","3","-26.52487","Moderate","-1","Thugz Island","Chilling","Dexter Shepherd,Sharva Hassamal","6.5",
2016-02-10T00:14:35Z,"February 9, 2016 07:14:35pm","43.46575333469406","-80.54258807250027","Light Snow","0","-47.18222","Extremely Quiet","-1","MH-204","Silicon Valley","No one","6",
2016-02-10T02:52:00Z,"February 9, 2016 09:52:00pm","43.46570649653996","-80.54248541601052","Light Snow","1","-50.967","Extremely Quiet","-1","Velocity Makerspace","Xcode","Alexander Mistakidis","5.5",
2016-02-10T15:30:47Z,"February 10, 2016 10:30:47am","43.46832993869651","-80.54288763986675","","0","-61.02598","Silence","-1","Environment 1 (EV1)","375","Emma Feher,Dexter Shepherd,Sharva Hassamal","5.5",
2016-02-10T17:02:38Z,"February 10, 2016 12:02:38pm","43.46834744797119","-80.54287705849666","Overcast","0","-47.90208","Extremely Quiet","-1","Environment 1 (EV1)","402","Emma Feher,Dexter Shepherd,Sharva Hassamal","6",
2016-02-10T20:29:18Z,"February 10, 2016 03:29:18pm","43.47223327708075","-80.54616192550121","Light Snow","0","-54.69746","Extremely Quiet","-1","Physical Activities Complex (PAC)","Swimming","No one","6",
2016-02-11T01:27:29Z,"February 10, 2016 08:27:29pm","43.46574518994161","-80.5425783269596","Clear","2","-42.60838","Quiet","-1","MH-204","Reddit","No one","4",
2016-02-11T01:54:37Z,"February 10, 2016 08:54:37pm","43.4657554818609","-80.54255498300526","Clear","0","-54.45363","Extremely Quiet","-1","MH-204","YouTube","No one","6",
2016-02-11T05:08:00Z,"February 11, 2016 12:08:00am","43.46575954078186","-80.54259459903297","Partly Cloudy","3","-65.62136","Silence","-1","MH-204","Sleep","No one","5",
2016-02-11T12:44:06Z,"February 11, 2016 07:44:06am","43.46575047641518","-80.5425958388121","Clear","0","-63.92368","Silence","-1","MH-204","Showering","No one","5",
2016-02-11T16:13:48Z,"February 11, 2016 11:13:48am","43.46574822752812","-80.54255208056399","Clear","0","-64.14683","Silence","-1","MH-204","ProductHunt","No one","5.5",
2016-02-11T19:03:38Z,"February 11, 2016 02:03:38pm","43.47167962167224","-80.54509198713019","Mostly Cloudy","0","-24.27655","Loud","-1","Bomber","Drinking","Caleb","7",
2016-02-12T00:56:25Z,"February 11, 2016 07:56:25pm","43.33614158403491","-80.43631178580145","Light Snow","2","-28.06164","Moderate","-1","Greyhound","Bus","No one","5",
2016-02-12T03:23:13Z,"February 11, 2016 10:23:13pm","43.00774925604679","-81.25675793877534","Partly Cloudy","3","-57.33081","Silence","-1","Annie's","Tempeh Wings","Annie Zhang","9",
2016-02-12T04:33:16Z,"February 11, 2016 11:33:16pm","43.00756204302166","-81.25713726429296","Scattered Clouds","3","-40.2397","Quiet","-1","Annie's","Exploding Kittens","Annie Zhang","9",
2016-02-12T16:58:55Z,"February 12, 2016 11:58:55am","43.00791052905364","-81.25647062598523","Light Snow Showers","0","-26.28487","Moderate","-1","Annie's","YouTube","Annie Zhang","6.5",
2016-02-12T20:03:23Z,"February 12, 2016 03:03:23pm","43.00775572006348","-81.25657926081956","Light Snow Showers","0","-60.748","Silence","-1","Annie's","Bananagrams","Annie Zhang","6.5",
2016-02-12T21:01:27Z,"February 12, 2016 04:01:27pm","43.0077112122325","-81.25658025940562","Light Snow Showers","0","-48.72358","Extremely Quiet","-1","Annie's","Cuddling","Annie Zhang","7",
2016-02-12T22:17:55Z,"February 12, 2016 05:17:55pm","43.00779968047411","-81.25711416388849","Mostly Cloudy","0","-56.51309","Silence","-1","Annie's","Fucking","Annie Zhang","8",
2016-02-12T23:55:20Z,"February 12, 2016 06:55:20pm","43.00795109716076","-81.25624189049938","Light Snow Showers","0","-35.95406","Quiet","-1","Annie's","R","Annie Zhang","7",
2016-02-13T01:49:26Z,"February 12, 2016 08:49:26pm","43.00771452751172","-81.25685316153893","Light Snow Showers","1","-47.87537","Extremely Quiet","-1","Annie's","Flavour Tripping","Annie Zhang","7.5",
2016-02-13T05:17:23Z,"February 13, 2016 12:17:23am","43.00780809495684","-81.25717195999219","Light Snow Showers","0","-56.37514","Silence","-1","Annie's","Zoolander","Annie Zhang","7.5",
2016-02-13T15:40:47Z,"February 13, 2016 10:40:47am","42.98026732347181","-81.25164180015133","Light Snow Showers","0","-28.35474","Moderate","-1","Greyhound","Bus","No one","3",
2016-02-13T17:18:13Z,"February 13, 2016 12:18:13pm","43.35190342743262","-80.41678553454616","Clear","1","-23.15535","Loud","-1","Greyhound","Bus","No one","4",
2016-02-13T18:57:01Z,"February 13, 2016 01:57:01pm","43.46575730733854","-80.54257479962311","Clear","0","-40.7991","Quiet","-1","MH-204","Napping","No one","4",
2016-02-13T21:57:20Z,"February 13, 2016 04:57:20pm","43.4657471733033","-80.54253122819344","Partly Cloudy","1","-43.90184","Quiet","-1","MH-204","Xcode","No one","5.5",
2016-02-13T23:28:55Z,"February 13, 2016 06:28:55pm","43.46577718972027","-80.54257527344377","Clear","0","-41.95044","Quiet","-1","MH-204","TV","No one","6",
2016-02-14T04:38:51Z,"February 13, 2016 11:38:51pm","43.46576911663666","-80.54258989476735","Partly Cloudy","0","-56.70538","Silence","-1","MH-204","Reading","No one","5",
2016-02-14T13:39:29Z,"February 14, 2016 08:39:29am","43.46577663428099","-80.5426220951328","Scattered Clouds","0","-57.00954","Silence","-1","MH-204","Instagram","No one","5",
2016-02-14T16:06:27Z,"February 14, 2016 11:06:27am","43.46577069159003","-80.54258623211267","Clear","0","-54.90639","Extremely Quiet","-1","MH-204","Headache","No one","2",
2016-02-14T20:45:41Z,"February 14, 2016 03:45:41pm","43.46578700832626","-80.54258529511725","Clear","2","-46.49852","Extremely Quiet","-1","MH-204","Xcode","No one","4.5",
2016-02-15T03:11:02Z,"February 14, 2016 10:11:02pm","43.46574605742674","-80.54251639669164","Clear","1","-39.83138","Quiet","-1","MH-204","Movie","No one","6",
2016-02-15T14:30:24Z,"February 15, 2016 09:30:24am","43.47279515928262","-80.54218483414414","Light Snow","1","-50.64545","Extremely Quiet","-1","Davis Centre (DC)","Commuting","No one","4",
2016-02-15T16:24:51Z,"February 15, 2016 11:24:51am","43.20683619477153","-80.04653021700685","Light Snow","0","-30.09261","Moderate","-1","Car","Commuting","No one","4.5",
2016-02-15T17:52:15Z,"February 15, 2016 12:52:15pm","43.14533823622707","-80.28018141713522","Light Freezing Drizzle","0","-53.26272","Extremely Quiet","-1","58 Chestnut","Eating","Dad,Grandma,Grandad,Sunny Humber,Mom","6",
2016-02-15T19:40:57Z,"February 15, 2016 02:40:57pm","43.13164903202647","-80.29941569073308","Light Freezing Drizzle","4","-44.32266","Quiet","-1","2 Kinnard","Chilling","Dad,Grandma Dorothy,Sunny Humber,Mom","6",
2016-02-15T22:56:00Z,"February 15, 2016 05:56:00pm","43.39051134732408","-79.97833713594285","Light Freezing Drizzle","7","-71.99937","Silence","-1","Carlisle","TeuxDeux","No one","6",
2016-02-16T01:29:44Z,"February 15, 2016 08:29:44pm","43.39060673959869","-79.97790573172269","Light Snow","0","-43.27674","Quiet","-1","Carlisle","YouTube","Dad,Mom,Sunny Humber","7.5",
2016-02-16T11:51:06Z,"February 16, 2016 06:51:06am","43.34162826087658","-79.80862861245555","Light Snow","0","-40.63794","Quiet","-1","GO Train","Commuting","No one","5.5",
2016-02-16T16:14:45Z,"February 16, 2016 11:14:45am","44.4009756809514","-79.74143589854216","Overcast","0","-26.28904","Moderate","-1","Barrie","Commuting","Annie Zhang","6",
2016-02-16T19:03:54Z,"February 16, 2016 02:03:54pm","44.50364834265238","-80.30978528238714","Overcast","2","-59.35412","Silence","-1","Blue Mountain Resort","Fucking","Annie Zhang","7.5",
2016-02-16T23:11:17Z,"February 16, 2016 06:11:17pm","44.50306238442069","-80.31126554966991","Overcast","2","-33.17591","Moderate","-1","Blue Mountain Resort","Skiing","Annie Zhang","8.5",
2016-02-17T03:04:37Z,"February 16, 2016 10:04:37pm","44.50366305419206","-80.30980343015362","Overcast","3","-60.99485","Silence","-1","Blue Mountain Resort","Hotubing","Annie Zhang","7.5",
2016-02-17T14:24:32Z,"February 17, 2016 09:24:32am","44.50368138810192","-80.30984587948333","Light Snow","0","-58.17766","Silence","-1","Blue Mountain Resort","Bed","Annie Zhang","7",
2016-02-17T17:53:03Z,"February 17, 2016 12:53:03pm","44.49785032377488","-80.30734778083712","Light Snow","3","-40.17733","Quiet","-1","Blue Mountain Resort","Skiing","Annie Zhang","7",
2016-02-17T20:12:38Z,"February 17, 2016 03:12:38pm","44.50285855175857","-80.31057348068613","Overcast","1","-43.95522","Quiet","-1","Blue Mountain Resort","Eating","Annie Zhang","7",
2016-02-18T00:08:57Z,"February 17, 2016 07:08:57pm","44.50361242056312","-80.30953388668625","Light Snow","1","-48.6723","Extremely Quiet","-1","Blue Mountain Resort","Chilling","Annie Zhang","7.5",
2016-02-18T13:40:58Z,"February 18, 2016 08:40:58am","44.50336779605202","-80.309738988991","","0","-53.68745","Extremely Quiet","-1","Blue Mountain Resort","Talking","Annie Zhang","6",
2016-02-18T20:35:22Z,"February 18, 2016 03:35:22pm","44.50336894678046","-80.30973723940069","Clear","2","-49.79345","Extremely Quiet","-1","Blue Mountain Resort","Resting","Annie Zhang","7.5",
2016-02-19T00:02:20Z,"February 18, 2016 07:02:20pm","44.40923273567521","-79.74922520115948","Clear","0","-33.57111","Moderate","-1","Bus","Overcast","Annie Zhang","7.5",
2016-02-19T04:27:48Z,"February 18, 2016 11:27:48pm","43.39058480305241","-79.97741148950119","Mostly Cloudy","1","-64.69434","Silence","-1","Carlisle","Dots","No one","6.5",
2016-02-19T19:02:58Z,"February 19, 2016 02:02:58pm","43.46575748421261","-80.54254630214942","Overcast","2","-58.62921","Silence","-1","MH-204","R","No one","6",
2016-02-19T22:32:37Z,"February 19, 2016 05:32:37pm","43.46581518763198","-80.54258634225894","Overcast","0","-56.17546","Silence","-1","Velocity","Cooking","No one","4",
2016-02-20T02:01:06Z,"February 19, 2016 09:01:06pm","43.46575603424643","-80.54257456215241","Overcast","0","-56.71965","Silence","-1","MH-204","TeuxDeux","No one","4",
2016-02-20T02:32:48Z,"February 19, 2016 09:32:48pm","43.46575855846633","-80.54256010308939","Overcast","0","","","-1","MH-204","Nothing","No one","3",
2016-02-20T12:48:42Z,"February 20, 2016 07:48:42am","43.46576657108707","-80.54261561261907","Clear","1","","","-1","MH-204","Reddit","No one","4.5",
2016-02-20T18:46:06Z,"February 20, 2016 01:46:06pm","43.46574521546675","-80.54256778133636","Overcast","0","","","-1","MH-204","R","No one","5",
2016-02-20T20:00:58Z,"February 20, 2016 03:00:58pm","43.46404708925957","-80.52411697812427","Scattered Clouds","2","","","-1","Waterloo, Ontario","Walking","No one","6.5",
2016-02-21T12:19:26Z,"February 21, 2016 07:19:26am","43.46578932336617","-80.54260351282763","Overcast","0","","","-1","Velocity","Nothing","No one","4.5",
2016-02-21T17:04:55Z,"February 21, 2016 12:04:55pm","43.46574620031587","-80.5425529920889","Overcast","1","","","-1","MH-204","YouTube","No one","5",
2016-02-21T19:59:59Z,"February 21, 2016 02:59:59pm","43.46575427924599","-80.54256427591811","Overcast","0","","","-1","MH-204","YouTube","No one","5.5",
2016-02-22T00:35:26Z,"February 21, 2016 07:35:26pm","43.49625209715506","-80.52502460113237","Overcast","1","","","-1","Galaxy","Movie","Sharva Hassamal","7",
2016-02-22T05:07:29Z,"February 22, 2016 12:07:29am","43.46575233303776","-80.54257260933946","Mostly Cloudy","0","","","-1","Velocity Makerspace","Xcode","Allen Gao,Matt Sourgoutsidis,Alexander Mistakidis,Matt Yang","6",
2016-02-22T16:28:00Z,"February 22, 2016 11:28:00am","43.46789017775612","-80.54355575118859","Mostly Cloudy","0","","","-1","Environment 1 (EV1)","375","Emma Feher,Dexter Shepherd,Sharva Hassamal","6",
2016-02-22T22:01:57Z,"February 22, 2016 05:01:57pm","43.4657529449886","-80.54255790603149","Overcast","3","","","-1","MH-204","R","No one","6",
2016-02-23T01:36:35Z,"February 22, 2016 08:36:35pm","43.4657654548655","-80.542585991831","Clear","8","","","-1","MH-204","271","No one","6",
2016-02-23T05:33:23Z,"February 23, 2016 12:33:23am","43.46577156487179","-80.54258970220538","Mostly Cloudy","0","","","-1","MH-204","Bed","No one","6",
2016-02-23T13:23:50Z,"February 23, 2016 08:23:50am","43.46575282715231","-80.54257918518765","Clear","2","","","-1","MH-204","Bed","No one","5.5",
2016-02-23T15:18:20Z,"February 23, 2016 10:18:20am","43.46574917132548","-80.5425511056275","Mostly Cloudy","1","","","-1","MH-204","271","No one","5.5",
2016-02-23T18:36:35Z,"February 23, 2016 01:36:35pm","43.47138393285554","-80.5438200118972","Partly Cloudy","0","","","-1","Quantum Nano Centre (QNC)","402","Sharva Hassamal,Tiff,Dexter Shepherd,Sun","5",
2016-02-23T21:06:10Z,"February 23, 2016 04:06:10pm","43.46575968865009","-80.54257810678999","Clear","3","","","-1","MH-204","YouTube","No one","6",
2016-02-24T00:16:06Z,"February 23, 2016 07:16:06pm","43.46579421950378","-80.54260393417647","Clear","0","","","-1","MH-204","R","No one","6",
2016-02-24T03:55:55Z,"February 23, 2016 10:55:55pm","43.46576478487773","-80.54258642658364","Partly Cloudy","2","","","-1","MH-204","Reddit","No one","5",
2016-02-24T12:44:06Z,"February 24, 2016 07:44:06am","43.46575252606501","-80.54255251748681","Light Snow","0","","","-1","MH-204","Bed","No one","4.5",
2016-02-24T16:32:56Z,"February 24, 2016 11:32:56am","43.46575660119844","-80.54256188112565","Light Snow","0","","","-1","MH-204","Call","No one","5",
2016-02-24T22:55:06Z,"February 24, 2016 05:55:06pm","43.65614276417256","-79.40907891008214","Overcast","2","","","-1","Snakes & Lattes","Games","Phoebe Stephens","8",
2016-02-25T01:24:32Z,"February 24, 2016 08:24:32pm","43.6503272410158","-79.38629249916573","Light Rain","0","","","-1","Harvest Kitchen","Eating","Ryan DeCaire,Evelyn Pyper,Trevor Smith,Ellen Hyslop","8",
2016-02-25T03:54:05Z,"February 24, 2016 10:54:05pm","43.64288375052916","-79.37755771331473","Overcast","2","","","-1","Ellen's","Chilling","Ellen Hyslop","7",
2016-02-25T12:30:13Z,"February 25, 2016 07:30:13am","43.70301449870945","-79.61435103203537","Light Snow","1","","","-1","YYZ","Traveling","No one","4",
2016-02-25T16:14:38Z,"February 25, 2016 11:14:38am","","","","3","","","-1","Airplane","Traveling","No one","4.5",
2016-02-25T22:37:34Z,"February 25, 2016 05:37:34pm","47.46302865915695","-122.2869543918616","","4","","","-1","Seattle","Uber","Tyler Maynard","5",
2016-02-26T01:08:50Z,"February 25, 2016 08:08:50pm","47.6189384424444","-122.3391929431639","","2","","","-1","Seattle","Walking","No one","7",
2016-02-26T02:17:58Z,"February 25, 2016 09:17:58pm","47.61575850552452","-122.3342704897916","","0","","","-1","Seattle","Drinking","Chris,Al","8",
2016-02-26T04:23:14Z,"February 25, 2016 11:23:14pm","47.62757165962603","-122.3405883784562","Clear","2","","","-1","Seattle","Drinking","Tyler Maynard","7",
2016-02-26T04:56:12Z,"February 25, 2016 11:56:12pm","47.62761777982806","-122.3406017928526","Clear","3","","","-1","Seattle","Drunk","No one","6",
2016-02-26T13:27:36Z,"February 26, 2016 08:27:36am","47.62754138323093","-122.3404904689131","Mostly Cloudy","0","","","-1","Seattle","Sleep","No one","5.5",
2016-02-26T16:50:55Z,"February 26, 2016 11:50:55am","47.62183457991981","-122.3394400972975","","1","","","-1","Amazon","Interview","No one","7",
2016-02-26T19:23:03Z,"February 26, 2016 02:23:03pm","47.62149631717622","-122.3385046801408","Mostly Cloudy","1","","","-1","Amazon","Interview","No one","6",
2016-02-26T23:30:53Z,"February 26, 2016 06:30:53pm","47.62181974219005","-122.3393889911869","Mostly Cloudy","6","","","-1","Amazon","Interview","Team 3","6.5",
2016-02-27T00:57:17Z,"February 26, 2016 07:57:17pm","47.62753520810931","-122.3404725848715","","3","","","-1","Seattle","Showering","No one","7",
2016-02-27T04:19:26Z,"February 26, 2016 11:19:26pm","47.62758107968745","-122.3405714104881","Rain","5","","","-1","Seattle","Food","Aiden,Kyle","7.5",
2016-02-27T13:31:03Z,"February 27, 2016 08:31:03am","47.43887262132102","-122.3018412502988","Fog","2","","","-1","Seattle","Nothing","No one","4",
2016-02-27T17:48:06Z,"February 27, 2016 12:48:06pm","44.80937003737426","-93.24909925607299","","0","","","-1","Minnesota","Traveling","No one","4",
2016-02-27T20:01:40Z,"February 27, 2016 03:01:40pm","","","","9","","","-1","Minnesota","Traveling","No one","4.5",
2016-02-27T23:16:26Z,"February 27, 2016 06:16:26pm","43.64452497939447","-79.38327195388354","Overcast","2","","","-1","Mill St Brew Pub @ UPExpress","Traveling","No one","6",
2016-02-27T23:32:18Z,"February 27, 2016 06:32:18pm","43.64472669028173","-79.38030577713457","Overcast","0","","","-1","Via Rail Train","Traveling","No one","6",
2016-02-28T04:11:22Z,"February 27, 2016 11:11:22pm","43.00772710241657","-81.25676513657091","Mostly Cloudy","5","","","-1","Annie's","Partying","Shannon,Nadia,Sophie,Annie Zhang","7.5",
2016-02-28T14:46:41Z,"February 28, 2016 09:46:41am","43.00770851046422","-81.25661230123701","Overcast","1","","","-1","Annie's","Hungover","Annie Zhang","6.5",
2016-02-28T16:34:49Z,"February 28, 2016 11:34:49am","43.00777986618283","-81.2564975480263","Overcast","1","","","-1","Annie's","Bed","Annie Zhang","7",
2016-02-28T19:28:45Z,"February 28, 2016 02:28:45pm","42.99054370165776","-81.25086395689569","Overcast","0","","","-1","Burrito Boyz London","Eating","Annie Zhang","6.5",
2016-02-28T21:50:16Z,"February 28, 2016 04:50:16pm","43.00715809158918","-81.25951815131346","Mostly Cloudy","0","","","-1","Annie's","X","Annie Zhang","7",
2016-02-29T00:39:06Z,"February 28, 2016 07:39:06pm","43.45578673230416","-80.48829499880125","Overcast","1","","","-1","Bus","Overcast","No one","6",
2016-02-29T04:42:20Z,"February 28, 2016 11:42:20pm","43.46574467633464","-80.54255940801883","Overcast","0","","","-1","MH-204","Moodji","No one","6",
2016-02-29T13:36:30Z,"February 29, 2016 08:36:30am","43.46574179585095","-80.54256515241234","Light Snow","3","","","-1","MH-204","Bed","No one","5",
2016-03-01T00:50:42Z,"February 29, 2016 07:50:42pm","43.46577453449524","-80.54261955892626","Light Snow","2","","","-1","Velocity Great Hall","Velocity","Mike","7",
2016-03-01T02:03:36Z,"February 29, 2016 09:03:36pm","43.47167410284339","-80.54519989790643","Light Snow","0","","","-1","Bomber","Socializing","Dan Schissler,Dexter Shepherd,Sharva Hassamal","7",
2016-03-01T12:59:37Z,"March 1, 2016 07:59:37am","43.46574488630911","-80.54258530809574","Overcast","0","","","-1","MH-204","Bed","No one","4.5",
2016-03-01T13:57:08Z,"March 1, 2016 08:57:08am","43.4657443207778","-80.54256463526116","Overcast","0","","","-1","MH-204","Studying","No one","4.5",
2016-03-01T16:56:38Z,"March 1, 2016 11:56:38am","43.46575919948424","-80.54261265098387","Light Snow","0","","","-1","MH-204","Studying","No one","5",
2016-03-01T20:43:25Z,"March 1, 2016 03:43:25pm","43.47024533661228","-80.54092704692765","Light Snow","2","","","-1","J.R. Coutts Engineering Lecture Hall (RCH)","271","Steve Collins","4.5",
2016-03-01T21:37:32Z,"March 1, 2016 04:37:32pm","43.46588832121003","-80.54258527540853","Light Snow","0","","","-1","Velocity","Cooking","No one","4.5",
2016-03-01T22:15:22Z,"March 1, 2016 05:15:22pm","43.46579290144781","-80.54258884173805","Light Snow","1","","","-1","MH-204","YouTube","No one","5.5",
2016-03-02T02:31:29Z,"March 1, 2016 09:31:29pm","43.46573717430557","-80.54258717231502","Light Snow","2","","","-1","MH-204","Movie","No one","5.5",
2016-03-02T15:10:13Z,"March 2, 2016 10:10:13am","43.46836395084995","-80.54284571931751","Clear","2","","","-1","Environment 1 (EV1)","375","Emma Feher,Dexter Shepherd,Sharva Hassamal","5.5",
2016-03-02T19:41:11Z,"March 2, 2016 02:41:11pm","43.46575058851157","-80.54258201189677","Scattered Clouds","4","","","-1","MH-204","Taxes","No one","7",
2016-03-02T21:00:19Z,"March 2, 2016 04:00:19pm","43.46578985025991","-80.54260086077561","","0","","","-1","MH-204","R","No one","6",
2016-03-02T23:26:15Z,"March 2, 2016 06:26:15pm","43.46573627510077","-80.54256749674416","Overcast","2","","","-1","MH-204","Movie","No one","6",
2016-03-03T05:31:03Z,"March 3, 2016 12:31:03am","43.46576850498116","-80.54261113373174","Light Snow","4","","","-1","MH-204","Rejected","No one","4",
2016-03-03T13:45:37Z,"March 3, 2016 08:45:37am","43.46575152028262","-80.54261581819192","Overcast","0","","","-1","MH-204","Bed","No one","4.5",
2016-03-03T17:39:19Z,"March 3, 2016 12:39:19pm","43.46819489746598","-80.54346175613064","Overcast","2","","","-1","Environment 3 (EV3)","402","No one","5",
2016-03-03T20:01:47Z,"March 3, 2016 03:01:47pm","43.46315430032331","-80.52200753002771","Overcast","3","","","-1","Uptown Waterloo","Shopping","No one","6.5",
2016-03-03T20:44:09Z,"March 3, 2016 03:44:09pm","43.47413290761735","-80.53107471212793","Mostly Cloudy","1","","","-1","Bus","Bus","No one","5.5",
2016-03-03T21:39:44Z,"March 3, 2016 04:39:44pm","43.46575379503136","-80.54261393319167","Overcast","1","","","-1","MH-204","R","No one","6",
2016-03-03T23:41:00Z,"March 3, 2016 06:41:00pm","43.4657469020912","-80.54259453158443","Light Snow","1","","","-1","MH-204","TV","No one","5",
2016-03-04T00:55:40Z,"March 3, 2016 07:55:40pm","43.46585568500402","-80.54259293222378","Light Snow","1","","","-1","Velocity","Cooking","No one","5.5",
2016-03-04T05:46:34Z,"March 4, 2016 12:46:34am","43.4658109635368","-80.5426118793377","Light Snow","2","","","-1","Velocity","Nothing","No one","6",
2016-03-04T12:15:13Z,"March 4, 2016 07:15:13am","43.46576815944403","-80.54261703111175","Overcast","2","","","-1","MH-204","Nothing","No one","5.5",
2016-03-04T17:32:54Z,"March 4, 2016 12:32:54pm","43.46575426885812","-80.5425930095535","Clear","1","","","-1","MH-204","R","No one","5.5",
2016-03-05T02:33:38Z,"March 4, 2016 09:33:38pm","43.46791850284277","-80.52249891179832","Mostly Cloudy","0","","","-1","Thugz Island","Wine and Cheese","Rizwan,Sasha Corrent,Alex Manore,Sara Shams,Isaac,Dan Schissler,Mark Williamson,Adam Wendland,Lana","7",
2016-03-05T05:22:40Z,"March 5, 2016 12:22:40am","43.46792510249043","-80.53245395429482","Mostly Cloudy","4","","","-1","Waterloo Park","Drunk","No one","7",
2016-03-05T13:17:23Z,"March 5, 2016 08:17:23am","43.4657489875589","-80.54258208836556","Overcast","0","","","-1","MH-204","Reddit,Hungover","No one","4",
2016-03-05T18:05:51Z,"March 5, 2016 01:05:51pm","43.46574756569834","-80.54257885682478","Light Snow","1","","","-1","MH-204","House of Cards","Annie Zhang","6.5",
2016-03-05T19:30:17Z,"March 5, 2016 02:30:17pm","43.46575981780377","-80.54259841614592","Overcast","0","","","-1","MH-204","Fucking","Annie Zhang","7.5",
2016-03-05T22:51:56Z,"March 5, 2016 05:51:56pm","43.46574033834987","-80.54258232993584","Light Snow","0","","","-1","MH-204","House of Cards","Annie Zhang","6.5",
2016-03-06T01:54:00Z,"March 5, 2016 08:54:00pm","43.4657522761316","-80.54258573345948","Overcast","0","","","-1","MH-204","Sneaking","Annie Zhang","6.5",
2016-03-06T14:54:01Z,"March 6, 2016 09:54:01am","43.46574786717506","-80.54259831868833","Clear","0","","","-1","MH-204","Bed","Annie Zhang","6.5",
2016-03-06T18:11:09Z,"March 6, 2016 01:11:09pm","43.47138347256224","-80.54381426760986","Partly Cloudy","0","","","-1","Quantum Nano Centre (QNC)","Planning","Annie Zhang","6",
2016-03-06T22:58:07Z,"March 6, 2016 05:58:07pm","43.46683281477863","-80.52292029380847","Scattered Clouds","1","","","-1","My-Thai","Eating","Annie Zhang","6.5",
2016-03-07T00:39:55Z,"March 6, 2016 07:39:55pm","43.46575887403125","-80.54261675577543","Mostly Cloudy","0","","","-1","MH-204","House of Cards","No one","6.5",
2016-03-07T02:35:32Z,"March 6, 2016 09:35:32pm","43.46574251597015","-80.54258124883363","Mostly Cloudy","0","","","-1","MH-204","YouTube","No one","6",
2016-03-07T04:15:15Z,"March 6, 2016 11:15:15pm","43.46574282812315","-80.54257933238254","Overcast","5","","","-1","MH-204","Moodji","No one","6",""
